domain,site,plot,measurementLevel,sensorDepths,startDate,endDate
1,BART,1,1,-0.06,20100101125959,NA
1,BART,1,2,-0.16,20100101125959,NA
1,BART,1,3,-0.26,20100101125959,NA
1,BART,1,4,-0.56,20100101125959,NA
1,BART,1,5,-0.96,20100101125959,NA
1,BART,1,6,-1.16,20100101125959,NA
1,BART,1,7,-1.66,20100101125959,NA
1,BART,1,8,-1.96,20100101125959,NA
1,BART,2,1,-0.06,20100101125959,NA
1,BART,2,2,-0.16,20100101125959,NA
1,BART,2,3,-0.26,20100101125959,NA
1,BART,2,4,-0.56,20100101125959,NA
1,BART,2,5,-0.96,20100101125959,NA
1,BART,2,6,-1.16,20100101125959,NA
1,BART,2,7,-1.66,20100101125959,NA
1,BART,2,8,-1.96,20100101125959,NA
1,BART,3,1,-0.056,20100101125959,NA
1,BART,3,2,-0.156,20100101125959,NA
1,BART,3,3,-0.256,20100101125959,NA
1,BART,3,4,-0.556,20100101125959,NA
1,BART,3,5,-0.956,20100101125959,NA
1,BART,3,6,-1.156,20100101125959,NA
1,BART,3,7,-1.656,20100101125959,NA
1,BART,3,8,-1.956,20100101125959,NA
1,BART,4,1,-0.057,20100101125959,NA
1,BART,4,2,-0.157,20100101125959,NA
1,BART,4,3,-0.257,20100101125959,NA
1,BART,4,4,-0.557,20100101125959,NA
1,BART,4,5,-0.957,20100101125959,NA
1,BART,4,6,-1.157,20100101125959,NA
1,BART,4,7,-1.657,20100101125959,NA
1,BART,4,8,-1.957,20100101125959,NA
1,BART,5,1,-0.06,20100101125959,NA
1,BART,5,2,-0.16,20100101125959,NA
1,BART,5,3,-0.26,20100101125959,NA
1,BART,5,4,-0.56,20100101125959,NA
1,BART,5,5,-0.96,20100101125959,NA
1,BART,5,6,-1.16,20100101125959,NA
1,BART,5,7,-1.66,20100101125959,NA
1,BART,5,8,-1.86,20191015000000,NA
1,BART,5,8,-1.96,20100101125959,20191015000000
1,HARV,1,1,-0.06,20100101125959,NA
1,HARV,1,2,-0.16,20100101125959,NA
1,HARV,1,3,-0.26,20100101125959,NA
1,HARV,1,4,-0.46,20100101125959,NA
1,HARV,1,5,NA,20100101125959,NA
1,HARV,1,6,NA,20100101125959,NA
1,HARV,1,7,NA,20100101125959,NA
1,HARV,1,8,NA,20100101125959,NA
1,HARV,2,1,-0.06,20100101125959,NA
1,HARV,2,2,-0.16,20100101125959,NA
1,HARV,2,3,-0.26,20100101125959,NA
1,HARV,2,4,-0.36,20100101125959,NA
1,HARV,2,5,-0.46,20100101125959,NA
1,HARV,2,6,-0.66,20100101125959,NA
1,HARV,2,7,NA,20100101125959,NA
1,HARV,2,8,NA,20100101125959,NA
1,HARV,3,1,-0.07,20100101125959,NA
1,HARV,3,2,-0.17,20100101125959,NA
1,HARV,3,3,-0.27,20100101125959,NA
1,HARV,3,4,-0.37,20100101125959,NA
1,HARV,3,5,-0.47,20100101125959,NA
1,HARV,3,6,-0.57,20100101125959,NA
1,HARV,3,7,NA,20100101125959,NA
1,HARV,3,8,NA,20100101125959,NA
1,HARV,4,1,-0.065,20100101125959,NA
1,HARV,4,2,-0.165,20100101125959,NA
1,HARV,4,3,-0.265,20100101125959,NA
1,HARV,4,4,-0.365,20100101125959,NA
1,HARV,4,5,-0.465,20100101125959,NA
1,HARV,4,6,-0.665,20100101125959,NA
1,HARV,4,7,NA,20100101125959,NA
1,HARV,4,8,NA,20100101125959,NA
1,HARV,5,1,-0.05,20100101125959,NA
1,HARV,5,2,-0.15,20100101125959,NA
1,HARV,5,3,-0.25,20100101125959,NA
1,HARV,5,4,-0.35,20100101125959,NA
1,HARV,5,5,-0.45,20100101125959,NA
1,HARV,5,6,-0.55,20100101125959,NA
1,HARV,5,7,NA,20100101125959,NA
1,HARV,5,8,NA,20100101125959,NA
2,BLAN,1,1,-0.06,20100101125959,NA
2,BLAN,1,2,-0.16,20100101125959,NA
2,BLAN,1,3,-0.26,20100101125959,NA
2,BLAN,1,4,-0.36,20100101125959,NA
2,BLAN,1,5,-0.66,20100101125959,NA
2,BLAN,1,6,-1.06,20100101125959,NA
2,BLAN,1,7,-1.46,20100101125959,NA
2,BLAN,1,8,-1.96,20100101125959,NA
2,BLAN,2,1,-0.07,20100101125959,NA
2,BLAN,2,2,-0.17,20100101125959,NA
2,BLAN,2,3,-0.27,20100101125959,NA
2,BLAN,2,4,-0.37,20100101125959,NA
2,BLAN,2,5,-0.67,20100101125959,NA
2,BLAN,2,6,-1.07,20100101125959,NA
2,BLAN,2,7,-1.47,20100101125959,NA
2,BLAN,2,8,-1.97,20100101125959,NA
2,BLAN,3,1,-0.07,20100101125959,NA
2,BLAN,3,2,-0.17,20100101125959,NA
2,BLAN,3,3,-0.27,20100101125959,NA
2,BLAN,3,4,-0.37,20100101125959,NA
2,BLAN,3,5,-0.67,20100101125959,NA
2,BLAN,3,6,-1.07,20100101125959,NA
2,BLAN,3,7,-1.47,20100101125959,NA
2,BLAN,3,8,-1.97,20100101125959,NA
2,BLAN,4,1,-0.06,20100101125959,NA
2,BLAN,4,2,-0.16,20100101125959,NA
2,BLAN,4,3,-0.26,20100101125959,NA
2,BLAN,4,4,-0.36,20100101125959,NA
2,BLAN,4,5,-0.66,20100101125959,NA
2,BLAN,4,6,-1.06,20100101125959,NA
2,BLAN,4,7,-1.46,20100101125959,NA
2,BLAN,4,8,-1.96,20100101125959,NA
2,BLAN,5,1,-0.05,20100101125959,NA
2,BLAN,5,2,-0.15,20100101125959,NA
2,BLAN,5,3,-0.25,20100101125959,NA
2,BLAN,5,4,-0.35,20100101125959,NA
2,BLAN,5,5,-0.65,20100101125959,NA
2,BLAN,5,6,-1.05,20100101125959,NA
2,BLAN,5,7,-1.45,20100101125959,NA
2,BLAN,5,8,-1.95,20100101125959,NA
2,SCBI,1,1,-0.07,20100101125959,NA
2,SCBI,1,2,-0.17,20100101125959,NA
2,SCBI,1,3,-0.27,20100101125959,NA
2,SCBI,1,4,-0.47,20100101125959,NA
2,SCBI,1,5,-0.87,20100101125959,NA
2,SCBI,1,6,-1.27,20100101125959,NA
2,SCBI,1,7,-1.67,20100101125959,NA
2,SCBI,1,8,-1.97,20100101125959,NA
2,SCBI,2,1,-0.055,20100101125959,NA
2,SCBI,2,2,-0.155,20100101125959,NA
2,SCBI,2,3,-0.255,20100101125959,NA
2,SCBI,2,4,-0.455,20100101125959,NA
2,SCBI,2,5,-0.855,20100101125959,NA
2,SCBI,2,6,-1.255,20100101125959,NA
2,SCBI,2,7,-1.655,20100101125959,NA
2,SCBI,2,8,-1.955,20100101125959,NA
2,SCBI,3,1,-0.07,20100101125959,NA
2,SCBI,3,2,-0.17,20100101125959,NA
2,SCBI,3,3,-0.27,20100101125959,NA
2,SCBI,3,4,-0.47,20100101125959,NA
2,SCBI,3,5,-0.87,20100101125959,NA
2,SCBI,3,6,-1.27,20100101125959,NA
2,SCBI,3,7,-1.67,20100101125959,NA
2,SCBI,3,8,-1.97,20100101125959,NA
2,SCBI,4,1,-0.07,20100101125959,NA
2,SCBI,4,2,-0.17,20100101125959,NA
2,SCBI,4,3,-0.27,20100101125959,NA
2,SCBI,4,4,-0.47,20100101125959,NA
2,SCBI,4,5,-0.87,20100101125959,NA
2,SCBI,4,6,-1.27,20100101125959,NA
2,SCBI,4,7,-1.67,20100101125959,NA
2,SCBI,4,8,-1.97,20100101125959,NA
2,SCBI,5,1,-0.06,20100101125959,NA
2,SCBI,5,2,-0.16,20100101125959,NA
2,SCBI,5,3,-0.26,20100101125959,NA
2,SCBI,5,4,-0.46,20100101125959,NA
2,SCBI,5,5,-0.86,20100101125959,NA
2,SCBI,5,6,-1.26,20100101125959,NA
2,SCBI,5,7,-1.66,20100101125959,NA
2,SCBI,5,8,-1.96,20100101125959,NA
2,SERC,1,1,-0.06,20100101125959,NA
2,SERC,1,2,-0.16,20100101125959,NA
2,SERC,1,3,-0.26,20100101125959,NA
2,SERC,1,4,-0.46,20100101125959,NA
2,SERC,1,5,-0.66,20100101125959,NA
2,SERC,1,6,-1.16,20100101125959,NA
2,SERC,1,7,-1.66,20100101125959,NA
2,SERC,1,8,-1.96,20100101125959,NA
2,SERC,2,1,-0.06,20100101125959,NA
2,SERC,2,2,-0.16,20100101125959,NA
2,SERC,2,3,-0.26,20100101125959,NA
2,SERC,2,4,-0.46,20100101125959,NA
2,SERC,2,5,-0.66,20100101125959,NA
2,SERC,2,6,-1.16,20100101125959,NA
2,SERC,2,7,-1.66,20100101125959,NA
2,SERC,2,8,-1.96,20100101125959,NA
2,SERC,3,1,-0.06,20100101125959,NA
2,SERC,3,2,-0.16,20100101125959,NA
2,SERC,3,3,-0.26,20100101125959,NA
2,SERC,3,4,-0.46,20100101125959,NA
2,SERC,3,5,-0.66,20100101125959,NA
2,SERC,3,6,-1.16,20100101125959,NA
2,SERC,3,7,-1.66,20100101125959,NA
2,SERC,3,8,-1.96,20100101125959,NA
2,SERC,4,1,-0.06,20100101125959,NA
2,SERC,4,2,-0.16,20100101125959,NA
2,SERC,4,3,-0.26,20100101125959,NA
2,SERC,4,4,-0.46,20100101125959,NA
2,SERC,4,5,-0.66,20100101125959,NA
2,SERC,4,6,-1.16,20100101125959,NA
2,SERC,4,7,-1.66,20100101125959,NA
2,SERC,4,8,-1.96,20100101125959,NA
2,SERC,5,1,-0.07,20100101125959,NA
2,SERC,5,2,-0.17,20100101125959,NA
2,SERC,5,3,-0.27,20100101125959,NA
2,SERC,5,4,-0.47,20100101125959,NA
2,SERC,5,5,-0.67,20100101125959,NA
2,SERC,5,6,-1.17,20100101125959,NA
2,SERC,5,7,-1.67,20100101125959,NA
2,SERC,5,8,-1.97,20100101125959,NA
3,DSNY,1,1,-0.05,20100101125959,NA
3,DSNY,1,2,-0.15,20100101125959,NA
3,DSNY,1,3,-0.25,20100101125959,NA
3,DSNY,1,4,-0.35,20100101125959,NA
3,DSNY,1,5,-0.55,20100101125959,NA
3,DSNY,1,6,-1.05,20100101125959,NA
3,DSNY,1,7,-1.65,20100101125959,NA
3,DSNY,1,8,-1.95,20100101125959,NA
3,DSNY,2,1,-0.06,20100101125959,NA
3,DSNY,2,2,-0.16,20100101125959,NA
3,DSNY,2,3,-0.26,20100101125959,NA
3,DSNY,2,4,-0.36,20100101125959,NA
3,DSNY,2,5,-0.56,20100101125959,NA
3,DSNY,2,6,-1.06,20100101125959,NA
3,DSNY,2,7,-1.66,20100101125959,NA
3,DSNY,2,8,-1.96,20100101125959,NA
3,DSNY,3,1,-0.06,20100101125959,NA
3,DSNY,3,2,-0.16,20100101125959,NA
3,DSNY,3,3,-0.26,20100101125959,NA
3,DSNY,3,4,-0.36,20100101125959,NA
3,DSNY,3,5,-0.56,20100101125959,NA
3,DSNY,3,6,-1.06,20100101125959,NA
3,DSNY,3,7,-1.66,20100101125959,NA
3,DSNY,3,8,-1.96,20100101125959,NA
3,DSNY,4,1,-0.06,20100101125959,NA
3,DSNY,4,2,-0.16,20100101125959,NA
3,DSNY,4,3,-0.26,20100101125959,NA
3,DSNY,4,4,-0.36,20100101125959,NA
3,DSNY,4,5,-0.56,20100101125959,NA
3,DSNY,4,6,-1.06,20100101125959,NA
3,DSNY,4,7,-1.66,20100101125959,NA
3,DSNY,4,8,-1.96,20100101125959,NA
3,DSNY,5,1,-0.06,20100101125959,NA
3,DSNY,5,2,-0.16,20100101125959,NA
3,DSNY,5,3,-0.26,20100101125959,NA
3,DSNY,5,4,-0.36,20100101125959,NA
3,DSNY,5,5,-0.56,20100101125959,NA
3,DSNY,5,6,-1.06,20100101125959,NA
3,DSNY,5,7,-1.66,20100101125959,NA
3,DSNY,5,8,-1.96,20100101125959,NA
3,JERC,1,1,-0.06,20100101125959,NA
3,JERC,1,2,-0.16,20100101125959,NA
3,JERC,1,3,-0.26,20100101125959,NA
3,JERC,1,4,-0.46,20100101125959,NA
3,JERC,1,5,-0.76,20100101125959,NA
3,JERC,1,6,-0.96,20100101125959,NA
3,JERC,1,7,-1.46,20100101125959,NA
3,JERC,1,8,-1.96,20100101125959,NA
3,JERC,2,1,-0.06,20100101125959,NA
3,JERC,2,2,-0.16,20100101125959,NA
3,JERC,2,3,-0.26,20100101125959,NA
3,JERC,2,4,-0.46,20100101125959,NA
3,JERC,2,5,-0.76,20100101125959,NA
3,JERC,2,6,-0.96,20100101125959,NA
3,JERC,2,7,-1.46,20100101125959,NA
3,JERC,2,8,-1.96,20100101125959,NA
3,JERC,3,1,-0.06,20100101125959,NA
3,JERC,3,2,-0.16,20100101125959,NA
3,JERC,3,3,-0.26,20100101125959,NA
3,JERC,3,4,-0.46,20100101125959,NA
3,JERC,3,5,-0.76,20100101125959,NA
3,JERC,3,6,-0.96,20100101125959,NA
3,JERC,3,7,-1.46,20100101125959,NA
3,JERC,3,8,-1.96,20100101125959,NA
3,JERC,4,1,-0.06,20100101125959,NA
3,JERC,4,2,-0.16,20100101125959,NA
3,JERC,4,3,-0.26,20100101125959,NA
3,JERC,4,4,-0.46,20100101125959,NA
3,JERC,4,5,-0.76,20100101125959,NA
3,JERC,4,6,-0.96,20100101125959,NA
3,JERC,4,7,-1.46,20100101125959,NA
3,JERC,4,8,-1.96,20100101125959,NA
3,JERC,5,1,-0.06,20100101125959,NA
3,JERC,5,2,-0.16,20100101125959,NA
3,JERC,5,3,-0.26,20100101125959,NA
3,JERC,5,4,-0.46,20100101125959,NA
3,JERC,5,5,-0.76,20100101125959,NA
3,JERC,5,6,-0.96,20100101125959,NA
3,JERC,5,7,-1.46,20100101125959,NA
3,JERC,5,8,-1.96,20100101125959,NA
3,OSBS,1,1,-0.07,20100101125959,NA
3,OSBS,1,2,-0.17,20100101125959,NA
3,OSBS,1,3,-0.27,20100101125959,NA
3,OSBS,1,4,-0.57,20100101125959,NA
3,OSBS,1,5,-0.77,20100101125959,NA
3,OSBS,1,6,-0.97,20100101125959,NA
3,OSBS,1,7,-1.57,20100101125959,NA
3,OSBS,1,8,-1.97,20100101125959,NA
3,OSBS,2,1,-0.06,20100101125959,NA
3,OSBS,2,2,-0.16,20100101125959,NA
3,OSBS,2,3,-0.26,20100101125959,NA
3,OSBS,2,4,-0.56,20100101125959,NA
3,OSBS,2,5,-0.76,20100101125959,NA
3,OSBS,2,6,-0.96,20100101125959,NA
3,OSBS,2,7,-1.56,20100101125959,NA
3,OSBS,2,8,-1.96,20100101125959,NA
3,OSBS,3,1,-0.07,20100101125959,NA
3,OSBS,3,2,-0.17,20100101125959,NA
3,OSBS,3,3,-0.27,20100101125959,NA
3,OSBS,3,4,-0.57,20100101125959,NA
3,OSBS,3,5,-0.77,20100101125959,NA
3,OSBS,3,6,-0.97,20100101125959,NA
3,OSBS,3,7,-1.57,20100101125959,NA
3,OSBS,3,8,-1.97,20100101125959,NA
3,OSBS,4,1,-0.06,20100101125959,NA
3,OSBS,4,2,-0.16,20100101125959,NA
3,OSBS,4,3,-0.26,20100101125959,NA
3,OSBS,4,4,-0.56,20100101125959,NA
3,OSBS,4,5,-0.76,20100101125959,NA
3,OSBS,4,6,-0.96,20100101125959,NA
3,OSBS,4,7,-1.56,20100101125959,NA
3,OSBS,4,8,-1.96,20100101125959,NA
3,OSBS,5,1,-0.07,20100101125959,NA
3,OSBS,5,2,-0.17,20100101125959,NA
3,OSBS,5,3,-0.27,20100101125959,NA
3,OSBS,5,4,-0.57,20100101125959,NA
3,OSBS,5,5,-0.77,20100101125959,NA
3,OSBS,5,6,-0.97,20100101125959,NA
3,OSBS,5,7,-1.57,20100101125959,NA
3,OSBS,5,8,-1.97,20100101125959,NA
4,GUAN,1,1,-0.06,20100101125959,NA
4,GUAN,1,2,-0.16,20100101125959,NA
4,GUAN,1,3,-0.26,20100101125959,NA
4,GUAN,1,4,-0.46,20100101125959,NA
4,GUAN,1,5,-0.96,20100101125959,NA
4,GUAN,1,6,-1.16,20100101125959,NA
4,GUAN,1,7,-1.46,20100101125959,NA
4,GUAN,1,8,-1.96,20100101125959,NA
4,GUAN,2,1,-0.055,20100101125959,NA
4,GUAN,2,2,-0.155,20100101125959,NA
4,GUAN,2,3,-0.255,20100101125959,NA
4,GUAN,2,4,-0.455,20100101125959,NA
4,GUAN,2,5,-0.955,20100101125959,NA
4,GUAN,2,6,-1.155,20100101125959,NA
4,GUAN,2,7,-1.455,20100101125959,NA
4,GUAN,2,8,-1.955,20100101125959,NA
4,GUAN,3,1,-0.055,20100101125959,NA
4,GUAN,3,2,-0.155,20100101125959,NA
4,GUAN,3,3,-0.255,20100101125959,NA
4,GUAN,3,4,-0.455,20100101125959,NA
4,GUAN,3,5,-0.955,20100101125959,NA
4,GUAN,3,6,-1.155,20100101125959,NA
4,GUAN,3,7,-1.455,20100101125959,NA
4,GUAN,3,8,-1.955,20100101125959,NA
4,GUAN,4,1,-0.052,20100101125959,NA
4,GUAN,4,2,-0.152,20100101125959,NA
4,GUAN,4,3,-0.252,20100101125959,NA
4,GUAN,4,4,-0.452,20100101125959,NA
4,GUAN,4,5,-0.952,20100101125959,NA
4,GUAN,4,6,-1.152,20100101125959,NA
4,GUAN,4,7,-1.452,20100101125959,NA
4,GUAN,4,8,-1.952,20100101125959,NA
4,GUAN,5,1,-0.06,20100101125959,NA
4,GUAN,5,2,-0.16,20100101125959,NA
4,GUAN,5,3,-0.26,20100101125959,NA
4,GUAN,5,4,-0.46,20100101125959,NA
4,GUAN,5,5,-0.96,20100101125959,NA
4,GUAN,5,6,-1.16,20100101125959,NA
4,GUAN,5,7,-1.46,20100101125959,NA
4,GUAN,5,8,-1.96,20100101125959,NA
4,LAJA,1,1,-0.065,20100101125959,NA
4,LAJA,1,2,-0.165,20100101125959,NA
4,LAJA,1,3,-0.265,20100101125959,NA
4,LAJA,1,4,-0.565,20100101125959,NA
4,LAJA,1,5,-0.965,20100101125959,NA
4,LAJA,1,6,-1.265,20100101125959,NA
4,LAJA,1,7,-1.665,20100101125959,NA
4,LAJA,1,8,-1.965,20100101125959,NA
4,LAJA,2,1,-0.06,20100101125959,NA
4,LAJA,2,2,-0.16,20100101125959,NA
4,LAJA,2,3,-0.26,20100101125959,NA
4,LAJA,2,4,-0.56,20100101125959,NA
4,LAJA,2,5,-0.96,20100101125959,NA
4,LAJA,2,6,-1.26,20100101125959,NA
4,LAJA,2,7,-1.66,20100101125959,NA
4,LAJA,2,8,-1.96,20100101125959,NA
4,LAJA,3,1,-0.06,20100101125959,NA
4,LAJA,3,2,-0.16,20100101125959,NA
4,LAJA,3,3,-0.26,20100101125959,NA
4,LAJA,3,4,-0.56,20100101125959,NA
4,LAJA,3,5,-0.96,20100101125959,NA
4,LAJA,3,6,-1.26,20100101125959,NA
4,LAJA,3,7,-1.66,20100101125959,NA
4,LAJA,3,8,-1.96,20100101125959,NA
4,LAJA,4,1,-0.06,20100101125959,NA
4,LAJA,4,2,-0.16,20100101125959,NA
4,LAJA,4,3,-0.26,20100101125959,NA
4,LAJA,4,4,-0.56,20100101125959,NA
4,LAJA,4,5,-0.96,20100101125959,NA
4,LAJA,4,6,-1.26,20100101125959,NA
4,LAJA,4,7,-1.66,20100101125959,NA
4,LAJA,4,8,-1.96,20100101125959,NA
4,LAJA,5,1,-0.055,20100101125959,NA
4,LAJA,5,2,-0.155,20100101125959,NA
4,LAJA,5,3,-0.255,20100101125959,NA
4,LAJA,5,4,-0.555,20100101125959,NA
4,LAJA,5,5,-0.955,20100101125959,NA
4,LAJA,5,6,-1.255,20100101125959,NA
4,LAJA,5,7,-1.655,20100101125959,NA
4,LAJA,5,8,-1.955,20100101125959,NA
5,STEI,1,1,-0.063,20100101125959,NA
5,STEI,1,2,-0.163,20100101125959,NA
5,STEI,1,3,-0.263,20100101125959,NA
5,STEI,1,4,-0.463,20100101125959,NA
5,STEI,1,5,-0.663,20100101125959,NA
5,STEI,1,6,-0.963,20100101125959,NA
5,STEI,1,7,-1.263,20100101125959,NA
5,STEI,1,8,-1.963,20100101125959,NA
5,STEI,2,1,-0.065,20100101125959,NA
5,STEI,2,2,-0.165,20100101125959,NA
5,STEI,2,3,-0.265,20100101125959,NA
5,STEI,2,4,-0.465,20100101125959,NA
5,STEI,2,5,-0.665,20100101125959,NA
5,STEI,2,6,-0.965,20100101125959,NA
5,STEI,2,7,-1.265,20100101125959,NA
5,STEI,2,8,-1.965,20100101125959,NA
5,STEI,3,1,-0.06,20100101125959,NA
5,STEI,3,2,-0.16,20100101125959,NA
5,STEI,3,3,-0.26,20100101125959,NA
5,STEI,3,4,-0.46,20100101125959,NA
5,STEI,3,5,-0.66,20100101125959,NA
5,STEI,3,6,-0.96,20100101125959,NA
5,STEI,3,7,-1.26,20100101125959,NA
5,STEI,3,8,-1.96,20100101125959,NA
5,STEI,4,1,-0.07,20100101125959,NA
5,STEI,4,2,-0.17,20100101125959,NA
5,STEI,4,3,-0.27,20100101125959,NA
5,STEI,4,4,-0.47,20100101125959,NA
5,STEI,4,5,-0.67,20100101125959,NA
5,STEI,4,6,-0.97,20100101125959,NA
5,STEI,4,7,-1.27,20100101125959,NA
5,STEI,4,8,-1.97,20100101125959,NA
5,STEI,5,1,-0.063,20100101125959,NA
5,STEI,5,2,-0.163,20100101125959,NA
5,STEI,5,3,-0.263,20100101125959,NA
5,STEI,5,4,-0.463,20100101125959,NA
5,STEI,5,5,-0.663,20100101125959,NA
5,STEI,5,6,-0.963,20100101125959,NA
5,STEI,5,7,-1.263,20100101125959,NA
5,STEI,5,8,-1.963,20100101125959,NA
5,TREE,1,1,-0.06,20100101125959,NA
5,TREE,1,2,-0.16,20100101125959,NA
5,TREE,1,3,-0.26,20100101125959,NA
5,TREE,1,4,-0.46,20100101125959,NA
5,TREE,1,5,-0.56,20100101125959,NA
5,TREE,1,6,-0.86,20100101125959,NA
5,TREE,1,7,-1.36,20100101125959,NA
5,TREE,1,8,-1.96,20100101125959,NA
5,TREE,2,1,-0.07,20100101125959,NA
5,TREE,2,2,-0.17,20100101125959,NA
5,TREE,2,3,-0.27,20100101125959,NA
5,TREE,2,4,-0.47,20100101125959,NA
5,TREE,2,5,-0.57,20100101125959,NA
5,TREE,2,6,-0.87,20100101125959,NA
5,TREE,2,7,-1.37,20100101125959,NA
5,TREE,2,8,-1.97,20100101125959,NA
5,TREE,3,1,-0.07,20100101125959,NA
5,TREE,3,2,-0.17,20100101125959,NA
5,TREE,3,3,-0.27,20100101125959,NA
5,TREE,3,4,-0.47,20100101125959,NA
5,TREE,3,5,-0.57,20100101125959,NA
5,TREE,3,6,-0.87,20100101125959,NA
5,TREE,3,7,-1.37,20100101125959,NA
5,TREE,3,8,-1.97,20100101125959,NA
5,TREE,4,1,-0.06,20100101125959,NA
5,TREE,4,2,-0.16,20100101125959,NA
5,TREE,4,3,-0.26,20100101125959,NA
5,TREE,4,4,-0.46,20100101125959,NA
5,TREE,4,5,-0.56,20100101125959,NA
5,TREE,4,6,-0.86,20100101125959,NA
5,TREE,4,7,-1.36,20100101125959,NA
5,TREE,4,8,-1.96,20100101125959,NA
5,TREE,5,1,-0.06,20100101125959,NA
5,TREE,5,2,-0.16,20100101125959,NA
5,TREE,5,3,-0.26,20100101125959,NA
5,TREE,5,4,-0.46,20100101125959,NA
5,TREE,5,5,-0.56,20100101125959,NA
5,TREE,5,6,-0.86,20100101125959,NA
5,TREE,5,7,-1.36,20100101125959,NA
5,TREE,5,8,-1.96,20100101125959,NA
5,UNDE,1,1,-0.07,20100101125959,NA
5,UNDE,1,2,-0.17,20100101125959,NA
5,UNDE,1,3,-0.27,20100101125959,NA
5,UNDE,1,4,-0.37,20100101125959,NA
5,UNDE,1,5,-0.57,20100101125959,NA
5,UNDE,1,6,-0.87,20100101125959,NA
5,UNDE,1,7,-1.27,20100101125959,NA
5,UNDE,1,8,-1.97,20100101125959,NA
5,UNDE,2,1,-0.06,20100101125959,NA
5,UNDE,2,2,-0.16,20100101125959,NA
5,UNDE,2,3,-0.26,20100101125959,NA
5,UNDE,2,4,-0.36,20100101125959,NA
5,UNDE,2,5,-0.56,20100101125959,NA
5,UNDE,2,6,-0.86,20100101125959,NA
5,UNDE,2,7,-1.26,20100101125959,NA
5,UNDE,2,8,-1.96,20100101125959,NA
5,UNDE,3,1,-0.07,20100101125959,NA
5,UNDE,3,2,-0.17,20100101125959,NA
5,UNDE,3,3,-0.27,20100101125959,NA
5,UNDE,3,4,-0.37,20100101125959,NA
5,UNDE,3,5,-0.57,20100101125959,NA
5,UNDE,3,6,-0.87,20100101125959,NA
5,UNDE,3,7,-1.27,20100101125959,NA
5,UNDE,3,8,-1.97,20100101125959,NA
5,UNDE,4,1,-0.07,20100101125959,NA
5,UNDE,4,2,-0.17,20100101125959,NA
5,UNDE,4,3,-0.27,20100101125959,NA
5,UNDE,4,4,-0.37,20100101125959,NA
5,UNDE,4,5,-0.57,20100101125959,NA
5,UNDE,4,6,-0.87,20100101125959,NA
5,UNDE,4,7,-1.27,20100101125959,NA
5,UNDE,4,8,-1.97,20100101125959,NA
5,UNDE,5,1,-0.06,20100101125959,NA
5,UNDE,5,2,-0.16,20100101125959,NA
5,UNDE,5,3,-0.26,20100101125959,NA
5,UNDE,5,4,-0.36,20100101125959,NA
5,UNDE,5,5,-0.56,20100101125959,NA
5,UNDE,5,6,-0.86,20100101125959,NA
5,UNDE,5,7,-1.26,20100101125959,NA
5,UNDE,5,8,-1.96,20100101125959,NA
6,KONA,1,1,-0.053,20100101125959,NA
6,KONA,1,2,-0.153,20100101125959,NA
6,KONA,1,3,-0.253,20100101125959,NA
6,KONA,1,4,-0.453,20100101125959,NA
6,KONA,1,5,-0.753,20100101125959,NA
6,KONA,1,6,-1.053,20100101125959,NA
6,KONA,1,7,-1.353,20100101125959,NA
6,KONA,1,8,-1.953,20100101125959,NA
6,KONA,2,1,-0.06,20100101125959,NA
6,KONA,2,2,-0.16,20100101125959,NA
6,KONA,2,3,-0.26,20100101125959,NA
6,KONA,2,4,-0.46,20100101125959,NA
6,KONA,2,5,-0.76,20100101125959,NA
6,KONA,2,6,-1.06,20100101125959,NA
6,KONA,2,7,-1.36,20100101125959,NA
6,KONA,2,8,-1.96,20100101125959,NA
6,KONA,3,1,-0.065,20100101125959,NA
6,KONA,3,2,-0.165,20100101125959,NA
6,KONA,3,3,-0.265,20100101125959,NA
6,KONA,3,4,-0.465,20100101125959,NA
6,KONA,3,5,-0.765,20100101125959,NA
6,KONA,3,6,-1.065,20100101125959,NA
6,KONA,3,7,-1.365,20100101125959,NA
6,KONA,3,8,-1.965,20100101125959,NA
6,KONA,4,1,-0.05,20100101125959,NA
6,KONA,4,2,-0.15,20100101125959,NA
6,KONA,4,3,-0.25,20100101125959,NA
6,KONA,4,4,-0.45,20100101125959,NA
6,KONA,4,5,-0.75,20100101125959,NA
6,KONA,4,6,-1.05,20100101125959,NA
6,KONA,4,7,-1.35,20100101125959,NA
6,KONA,4,8,-1.95,20100101125959,NA
6,KONA,5,1,-0.055,20100101125959,NA
6,KONA,5,2,-0.155,20100101125959,NA
6,KONA,5,3,-0.255,20100101125959,NA
6,KONA,5,4,-0.455,20100101125959,NA
6,KONA,5,5,-0.755,20100101125959,NA
6,KONA,5,6,-1.055,20100101125959,NA
6,KONA,5,7,-1.355,20100101125959,NA
6,KONA,5,8,-1.955,20100101125959,NA
6,KONZ,1,1,-0.07,20100101125959,NA
6,KONZ,1,2,-0.17,20100101125959,NA
6,KONZ,1,3,-0.27,20100101125959,NA
6,KONZ,1,4,-0.47,20100101125959,NA
6,KONZ,1,5,-0.77,20100101125959,NA
6,KONZ,1,6,-1.07,20100101125959,NA
6,KONZ,1,7,-1.47,20100101125959,NA
6,KONZ,1,8,-1.97,20100101125959,NA
6,KONZ,2,1,-0.06,20100101125959,NA
6,KONZ,2,2,-0.16,20100101125959,NA
6,KONZ,2,3,-0.26,20100101125959,NA
6,KONZ,2,4,-0.46,20100101125959,NA
6,KONZ,2,5,-0.76,20100101125959,NA
6,KONZ,2,6,-1.06,20100101125959,NA
6,KONZ,2,7,-1.46,20100101125959,NA
6,KONZ,2,8,-1.96,20100101125959,NA
6,KONZ,3,1,-0.05,20100101125959,NA
6,KONZ,3,2,-0.15,20100101125959,NA
6,KONZ,3,3,-0.25,20100101125959,NA
6,KONZ,3,4,-0.45,20100101125959,NA
6,KONZ,3,5,-0.75,20100101125959,NA
6,KONZ,3,6,-1.05,20100101125959,NA
6,KONZ,3,7,-1.45,20100101125959,NA
6,KONZ,3,8,-1.95,20100101125959,NA
6,KONZ,4,1,-0.07,20100101125959,NA
6,KONZ,4,2,-0.17,20100101125959,NA
6,KONZ,4,3,-0.27,20100101125959,NA
6,KONZ,4,4,-0.37,20100101125959,NA
6,KONZ,4,5,-0.47,20100101125959,NA
6,KONZ,4,6,-0.57,20100101125959,NA
6,KONZ,4,7,-0.77,20100101125959,NA
6,KONZ,4,8,-1.07,20100101125959,NA
6,KONZ,5,1,-0.06,20100101125959,NA
6,KONZ,5,2,-0.16,20100101125959,NA
6,KONZ,5,3,-0.26,20100101125959,NA
6,KONZ,5,4,-0.46,20100101125959,NA
6,KONZ,5,5,-0.76,20100101125959,NA
6,KONZ,5,6,-1.06,20100101125959,NA
6,KONZ,5,7,-1.46,20100101125959,NA
6,KONZ,5,8,-1.96,20100101125959,NA
6,UKFS,1,1,-0.06,20100101125959,NA
6,UKFS,1,2,-0.16,20100101125959,NA
6,UKFS,1,3,-0.26,20100101125959,NA
6,UKFS,1,4,-0.36,20100101125959,NA
6,UKFS,1,5,-0.46,20100101125959,NA
6,UKFS,1,6,-0.56,20100101125959,NA
6,UKFS,1,7,-0.66,20100101125959,NA
6,UKFS,1,8,-0.86,20100101125959,NA
6,UKFS,2,1,-0.055,20100101125959,NA
6,UKFS,2,2,-0.155,20100101125959,NA
6,UKFS,2,3,-0.255,20100101125959,NA
6,UKFS,2,4,-0.355,20100101125959,NA
6,UKFS,2,5,-0.555,20100101125959,NA
6,UKFS,2,6,-0.855,20100101125959,NA
6,UKFS,2,7,-1.155,20100101125959,NA
6,UKFS,2,8,-1.955,20100101125959,NA
6,UKFS,3,1,-0.05,20100101125959,NA
6,UKFS,3,2,-0.15,20100101125959,NA
6,UKFS,3,3,-0.25,20100101125959,NA
6,UKFS,3,4,-0.35,20100101125959,NA
6,UKFS,3,5,-0.55,20100101125959,NA
6,UKFS,3,6,-0.85,20100101125959,NA
6,UKFS,3,7,-1.15,20100101125959,NA
6,UKFS,3,8,-1.95,20100101125959,NA
6,UKFS,4,1,-0.065,20100101125959,NA
6,UKFS,4,2,-0.165,20100101125959,NA
6,UKFS,4,3,-0.265,20100101125959,NA
6,UKFS,4,4,-0.365,20100101125959,NA
6,UKFS,4,5,-0.565,20100101125959,NA
6,UKFS,4,6,-0.865,20100101125959,NA
6,UKFS,4,7,-1.165,20100101125959,NA
6,UKFS,4,8,-1.965,20100101125959,NA
6,UKFS,5,1,-0.07,20100101125959,NA
6,UKFS,5,2,-0.17,20100101125959,NA
6,UKFS,5,3,-0.27,20100101125959,NA
6,UKFS,5,4,-0.37,20100101125959,NA
6,UKFS,5,5,-0.57,20100101125959,NA
6,UKFS,5,6,-0.87,20100101125959,NA
6,UKFS,5,7,-1.17,20100101125959,NA
6,UKFS,5,8,-1.87,20100101125959,NA
7,GRSM,1,1,-0.057,20100101125959,NA
7,GRSM,1,2,-0.157,20100101125959,NA
7,GRSM,1,3,-0.257,20100101125959,NA
7,GRSM,1,4,NA,20100101125959,NA
7,GRSM,1,5,NA,20100101125959,NA
7,GRSM,1,6,NA,20100101125959,NA
7,GRSM,1,7,NA,20100101125959,NA
7,GRSM,1,8,NA,20100101125959,NA
7,GRSM,2,1,-0.065,20100101125959,NA
7,GRSM,2,2,-0.165,20100101125959,NA
7,GRSM,2,3,NA,20100101125959,NA
7,GRSM,2,4,NA,20100101125959,NA
7,GRSM,2,5,NA,20100101125959,NA
7,GRSM,2,6,NA,20100101125959,NA
7,GRSM,2,7,NA,20100101125959,NA
7,GRSM,2,8,NA,20100101125959,NA
7,GRSM,3,1,-0.063,20100101125959,NA
7,GRSM,3,2,-0.163,20100101125959,NA
7,GRSM,3,3,-0.263,20100101125959,NA
7,GRSM,3,4,NA,20100101125959,NA
7,GRSM,3,5,NA,20100101125959,NA
7,GRSM,3,6,NA,20100101125959,NA
7,GRSM,3,7,NA,20100101125959,NA
7,GRSM,3,8,NA,20100101125959,NA
7,GRSM,4,1,-0.055,20100101125959,NA
7,GRSM,4,2,-0.155,20100101125959,NA
7,GRSM,4,3,-0.255,20100101125959,NA
7,GRSM,4,4,NA,20100101125959,NA
7,GRSM,4,5,NA,20100101125959,NA
7,GRSM,4,6,NA,20100101125959,NA
7,GRSM,4,7,NA,20100101125959,NA
7,GRSM,4,8,NA,20100101125959,NA
7,GRSM,5,1,-0.065,20100101125959,NA
7,GRSM,5,2,-0.165,20100101125959,NA
7,GRSM,5,3,-0.265,20100101125959,NA
7,GRSM,5,4,-0.365,20100101125959,NA
7,GRSM,5,5,-0.465,20100101125959,NA
7,GRSM,5,6,-0.565,20100101125959,NA
7,GRSM,5,7,-0.665,20100101125959,NA
7,GRSM,5,8,-0.865,20100101125959,NA
7,MLBS,1,1,-0.06,20100101125959,NA
7,MLBS,1,2,-0.16,20100101125959,NA
7,MLBS,1,3,-0.26,20100101125959,NA
7,MLBS,1,4,-0.36,20100101125959,NA
7,MLBS,1,5,-0.46,20100101125959,NA
7,MLBS,1,6,-0.56,20100101125959,NA
7,MLBS,1,7,-0.66,20100101125959,NA
7,MLBS,1,8,-0.86,20100101125959,NA
7,MLBS,2,1,-0.06,20100101125959,NA
7,MLBS,2,2,-0.16,20100101125959,NA
7,MLBS,2,3,-0.26,20100101125959,NA
7,MLBS,2,4,-0.36,20100101125959,NA
7,MLBS,2,5,-0.46,20100101125959,NA
7,MLBS,2,6,-0.66,20100101125959,NA
7,MLBS,2,7,-0.86,20100101125959,NA
7,MLBS,2,8,-1.26,20100101125959,NA
7,MLBS,3,1,-0.06,20100101125959,NA
7,MLBS,3,2,-0.16,20100101125959,NA
7,MLBS,3,3,-0.26,20100101125959,NA
7,MLBS,3,4,-0.36,20100101125959,NA
7,MLBS,3,5,-0.46,20100101125959,NA
7,MLBS,3,6,-0.56,20100101125959,NA
7,MLBS,3,7,-0.66,20100101125959,NA
7,MLBS,3,8,-0.86,20100101125959,NA
7,MLBS,4,1,-0.06,20100101125959,NA
7,MLBS,4,2,-0.16,20100101125959,NA
7,MLBS,4,3,-0.26,20100101125959,NA
7,MLBS,4,4,-0.36,20100101125959,NA
7,MLBS,4,5,-0.46,20100101125959,NA
7,MLBS,4,6,-0.66,20100101125959,NA
7,MLBS,4,7,NA,20100101125959,NA
7,MLBS,4,8,NA,20100101125959,NA
7,MLBS,5,1,-0.06,20100101125959,NA
7,MLBS,5,2,-0.16,20100101125959,NA
7,MLBS,5,3,-0.26,20100101125959,NA
7,MLBS,5,4,-0.36,20100101125959,NA
7,MLBS,5,5,-0.46,20100101125959,NA
7,MLBS,5,6,-0.56,20100101125959,NA
7,MLBS,5,7,NA,20100101125959,NA
7,MLBS,5,8,NA,20100101125959,NA
7,ORNL,1,1,-0.06,20100101125959,NA
7,ORNL,1,2,-0.16,20100101125959,NA
7,ORNL,1,3,-0.26,20100101125959,NA
7,ORNL,1,4,-0.56,20100101125959,NA
7,ORNL,1,5,-0.86,20100101125959,NA
7,ORNL,1,6,-1.26,20100101125959,NA
7,ORNL,1,7,-1.66,20100101125959,NA
7,ORNL,1,8,-1.96,20100101125959,NA
7,ORNL,2,1,-0.06,20100101125959,NA
7,ORNL,2,2,-0.16,20100101125959,NA
7,ORNL,2,3,-0.26,20100101125959,NA
7,ORNL,2,4,-0.56,20100101125959,NA
7,ORNL,2,5,-0.86,20100101125959,NA
7,ORNL,2,6,-1.26,20100101125959,NA
7,ORNL,2,7,-1.66,20100101125959,NA
7,ORNL,2,8,-1.96,20100101125959,NA
7,ORNL,3,1,-0.055,20100101125959,NA
7,ORNL,3,2,-0.155,20100101125959,NA
7,ORNL,3,3,-0.255,20100101125959,NA
7,ORNL,3,4,-0.555,20100101125959,NA
7,ORNL,3,5,-0.855,20100101125959,NA
7,ORNL,3,6,-1.255,20100101125959,NA
7,ORNL,3,7,-1.655,20100101125959,NA
7,ORNL,3,8,-1.955,20100101125959,NA
7,ORNL,4,1,-0.055,20100101125959,NA
7,ORNL,4,2,-0.155,20100101125959,NA
7,ORNL,4,3,-0.255,20100101125959,NA
7,ORNL,4,4,-0.555,20100101125959,NA
7,ORNL,4,5,-0.855,20100101125959,NA
7,ORNL,4,6,-1.255,20100101125959,NA
7,ORNL,4,7,-1.655,20100101125959,NA
7,ORNL,4,8,-1.955,20100101125959,NA
7,ORNL,5,1,-0.065,20100101125959,NA
7,ORNL,5,2,-0.165,20100101125959,NA
7,ORNL,5,3,-0.265,20100101125959,NA
7,ORNL,5,4,-0.565,20100101125959,NA
7,ORNL,5,5,-0.865,20100101125959,NA
7,ORNL,5,6,-1.265,20100101125959,NA
7,ORNL,5,7,-1.665,20100101125959,NA
7,ORNL,5,8,-1.965,20100101125959,NA
8,DELA,1,1,-0.06,20100101125959,NA
8,DELA,1,2,-0.16,20100101125959,NA
8,DELA,1,3,-0.26,20100101125959,NA
8,DELA,1,4,-0.46,20100101125959,NA
8,DELA,1,5,-0.66,20100101125959,NA
8,DELA,1,6,-1.16,20100101125959,NA
8,DELA,1,7,-1.66,20100101125959,NA
8,DELA,1,8,-1.96,20100101125959,NA
8,DELA,2,1,-0.07,20100101125959,NA
8,DELA,2,2,-0.17,20100101125959,NA
8,DELA,2,3,-0.27,20100101125959,NA
8,DELA,2,4,-0.47,20100101125959,NA
8,DELA,2,5,-0.67,20100101125959,NA
8,DELA,2,6,-1.17,20100101125959,NA
8,DELA,2,7,-1.67,20100101125959,NA
8,DELA,2,8,-1.97,20100101125959,NA
8,DELA,3,1,-0.05,20100101125959,NA
8,DELA,3,2,-0.15,20100101125959,NA
8,DELA,3,3,-0.25,20100101125959,NA
8,DELA,3,4,-0.45,20100101125959,NA
8,DELA,3,5,-0.65,20100101125959,NA
8,DELA,3,6,-1.15,20100101125959,NA
8,DELA,3,7,-1.65,20100101125959,NA
8,DELA,3,8,-1.95,20100101125959,NA
8,DELA,4,1,-0.06,20100101125959,NA
8,DELA,4,2,-0.16,20100101125959,NA
8,DELA,4,3,-0.26,20100101125959,NA
8,DELA,4,4,-0.46,20100101125959,NA
8,DELA,4,5,-0.66,20100101125959,NA
8,DELA,4,6,-1.16,20100101125959,NA
8,DELA,4,7,-1.66,20100101125959,NA
8,DELA,4,8,-1.96,20100101125959,NA
8,DELA,5,1,-0.055,20100101125959,NA
8,DELA,5,2,-0.155,20100101125959,NA
8,DELA,5,3,-0.255,20100101125959,NA
8,DELA,5,4,-0.455,20100101125959,NA
8,DELA,5,5,-0.655,20100101125959,NA
8,DELA,5,6,-1.155,20100101125959,NA
8,DELA,5,7,-1.655,20100101125959,NA
8,DELA,5,8,-1.955,20100101125959,NA
8,LENO,1,1,-0.07,20100101125959,NA
8,LENO,1,2,-0.17,20100101125959,NA
8,LENO,1,3,-0.27,20100101125959,NA
8,LENO,1,4,-0.37,20100101125959,NA
8,LENO,1,5,-0.77,20100101125959,NA
8,LENO,1,6,-1.27,20100101125959,NA
8,LENO,1,7,-1.67,20100101125959,NA
8,LENO,1,8,-1.97,20100101125959,NA
8,LENO,2,1,-0.07,20100101125959,NA
8,LENO,2,2,-0.17,20100101125959,NA
8,LENO,2,3,-0.27,20100101125959,NA
8,LENO,2,4,-0.37,20100101125959,NA
8,LENO,2,5,-0.77,20100101125959,NA
8,LENO,2,6,-1.27,20100101125959,NA
8,LENO,2,7,-1.67,20100101125959,NA
8,LENO,2,8,-1.97,20100101125959,NA
8,LENO,3,1,-0.055,20100101125959,NA
8,LENO,3,2,-0.155,20100101125959,NA
8,LENO,3,3,-0.255,20100101125959,NA
8,LENO,3,4,-0.355,20100101125959,NA
8,LENO,3,5,-0.755,20100101125959,NA
8,LENO,3,6,-1.255,20100101125959,NA
8,LENO,3,7,-1.655,20100101125959,NA
8,LENO,3,8,-1.955,20100101125959,NA
8,LENO,4,1,-0.06,20100101125959,NA
8,LENO,4,2,-0.16,20100101125959,NA
8,LENO,4,3,-0.26,20100101125959,NA
8,LENO,4,4,-0.36,20100101125959,NA
8,LENO,4,5,-0.76,20100101125959,NA
8,LENO,4,6,-1.26,20100101125959,NA
8,LENO,4,7,-1.66,20100101125959,NA
8,LENO,4,8,-1.96,20100101125959,NA
8,LENO,5,1,-0.06,20100101125959,NA
8,LENO,5,2,-0.16,20100101125959,NA
8,LENO,5,3,-0.26,20100101125959,NA
8,LENO,5,4,-0.36,20100101125959,NA
8,LENO,5,5,-0.76,20100101125959,NA
8,LENO,5,6,-1.26,20100101125959,NA
8,LENO,5,7,-1.66,20100101125959,NA
8,LENO,5,8,-1.96,20100101125959,NA
8,TALL,1,1,-0.05,20100101125959,NA
8,TALL,1,2,-0.15,20100101125959,NA
8,TALL,1,3,-0.25,20100101125959,NA
8,TALL,1,4,-0.55,20100101125959,NA
8,TALL,1,5,-0.85,20100101125959,NA
8,TALL,1,6,-1.15,20100101125959,NA
8,TALL,1,7,-1.55,20100101125959,NA
8,TALL,1,8,-1.95,20100101125959,NA
8,TALL,2,1,-0.04,20100101125959,NA
8,TALL,2,2,-0.14,20100101125959,NA
8,TALL,2,3,-0.24,20100101125959,NA
8,TALL,2,4,-0.34,20100101125959,NA
8,TALL,2,5,-0.44,20100101125959,NA
8,TALL,2,6,-0.54,20100101125959,NA
8,TALL,2,7,-0.84,20100101125959,NA
8,TALL,2,8,-1.04,20100101125959,NA
8,TALL,3,1,-0.05,20100101125959,NA
8,TALL,3,2,-0.15,20100101125959,NA
8,TALL,3,3,-0.25,20100101125959,NA
8,TALL,3,4,-0.55,20100101125959,NA
8,TALL,3,5,-0.85,20100101125959,NA
8,TALL,3,6,-1.15,20100101125959,NA
8,TALL,3,7,-1.55,20100101125959,NA
8,TALL,3,8,-1.95,20100101125959,NA
8,TALL,4,1,-0.05,20100101125959,NA
8,TALL,4,2,-0.15,20100101125959,NA
8,TALL,4,3,-0.25,20100101125959,NA
8,TALL,4,4,-0.55,20100101125959,NA
8,TALL,4,5,-0.85,20100101125959,NA
8,TALL,4,6,-1.15,20100101125959,NA
8,TALL,4,7,-1.55,20100101125959,NA
8,TALL,4,8,-1.95,20100101125959,NA
8,TALL,5,1,-0.05,20100101125959,NA
8,TALL,5,2,-0.15,20100101125959,NA
8,TALL,5,3,-0.25,20100101125959,NA
8,TALL,5,4,-0.55,20100101125959,NA
8,TALL,5,5,-0.85,20100101125959,NA
8,TALL,5,6,-1.15,20100101125959,NA
8,TALL,5,7,-1.55,20100101125959,NA
8,TALL,5,8,-1.95,20100101125959,NA
9,DCFS,1,1,-0.065,20100101125959,NA
9,DCFS,1,2,-0.165,20100101125959,NA
9,DCFS,1,3,-0.265,20100101125959,NA
9,DCFS,1,4,-0.365,20100101125959,NA
9,DCFS,1,5,-0.465,20100101125959,NA
9,DCFS,1,6,-0.765,20100101125959,NA
9,DCFS,1,7,-1.065,20100101125959,NA
9,DCFS,1,8,-1.865,20100101125959,NA
9,DCFS,2,1,-0.063,20100101125959,NA
9,DCFS,2,2,-0.163,20100101125959,NA
9,DCFS,2,3,-0.263,20100101125959,NA
9,DCFS,2,4,-0.363,20100101125959,NA
9,DCFS,2,5,-0.463,20100101125959,NA
9,DCFS,2,6,-0.763,20100101125959,NA
9,DCFS,2,7,-1.063,20100101125959,NA
9,DCFS,2,8,-1.963,20100101125959,NA
9,DCFS,3,1,-0.065,20100101125959,NA
9,DCFS,3,2,-0.165,20100101125959,NA
9,DCFS,3,3,-0.265,20100101125959,NA
9,DCFS,3,4,-0.365,20100101125959,NA
9,DCFS,3,5,-0.465,20100101125959,NA
9,DCFS,3,6,-0.765,20100101125959,NA
9,DCFS,3,7,-1.065,20100101125959,NA
9,DCFS,3,8,-1.965,20100101125959,NA
9,DCFS,4,1,-0.065,20100101125959,NA
9,DCFS,4,2,-0.165,20100101125959,NA
9,DCFS,4,3,-0.265,20100101125959,NA
9,DCFS,4,4,-0.365,20100101125959,NA
9,DCFS,4,5,-0.465,20100101125959,NA
9,DCFS,4,6,-0.765,20100101125959,NA
9,DCFS,4,7,-1.065,20100101125959,NA
9,DCFS,4,8,-1.965,20100101125959,NA
9,DCFS,5,1,-0.0625,20100101125959,NA
9,DCFS,5,2,-0.1625,20100101125959,NA
9,DCFS,5,3,-0.2625,20100101125959,NA
9,DCFS,5,4,-0.3625,20100101125959,NA
9,DCFS,5,5,-0.4625,20100101125959,NA
9,DCFS,5,6,-0.7625,20100101125959,NA
9,DCFS,5,7,-1.0625,20100101125959,NA
9,DCFS,5,8,-1.9625,20100101125959,NA
9,NOGP,1,1,-0.05,20100101125959,NA
9,NOGP,1,2,-0.15,20100101125959,NA
9,NOGP,1,3,-0.25,20100101125959,NA
9,NOGP,1,4,-0.35,20100101125959,NA
9,NOGP,1,5,-0.65,20100101125959,NA
9,NOGP,1,6,-1.15,20100101125959,NA
9,NOGP,1,7,-1.65,20100101125959,NA
9,NOGP,1,8,-1.95,20100101125959,NA
9,NOGP,2,1,-0.06,20100101125959,NA
9,NOGP,2,2,-0.16,20100101125959,NA
9,NOGP,2,3,-0.26,20100101125959,NA
9,NOGP,2,4,-0.36,20100101125959,NA
9,NOGP,2,5,-0.66,20100101125959,NA
9,NOGP,2,6,-1.16,20100101125959,NA
9,NOGP,2,7,-1.66,20100101125959,NA
9,NOGP,2,8,-1.96,20100101125959,NA
9,NOGP,3,1,-0.06,20100101125959,NA
9,NOGP,3,2,-0.16,20100101125959,NA
9,NOGP,3,3,-0.26,20100101125959,NA
9,NOGP,3,4,-0.36,20100101125959,NA
9,NOGP,3,5,-0.66,20100101125959,NA
9,NOGP,3,6,-1.16,20100101125959,NA
9,NOGP,3,7,-1.66,20100101125959,NA
9,NOGP,3,8,-1.96,20100101125959,NA
9,NOGP,4,1,-0.06,20100101125959,NA
9,NOGP,4,2,-0.16,20100101125959,NA
9,NOGP,4,3,-0.26,20100101125959,NA
9,NOGP,4,4,-0.36,20100101125959,NA
9,NOGP,4,5,-0.66,20100101125959,NA
9,NOGP,4,6,-1.16,20100101125959,NA
9,NOGP,4,7,-1.66,20100101125959,NA
9,NOGP,4,8,-1.96,20100101125959,NA
9,NOGP,5,1,-0.05,20100101125959,NA
9,NOGP,5,2,-0.15,20100101125959,NA
9,NOGP,5,3,-0.25,20100101125959,NA
9,NOGP,5,4,-0.35,20100101125959,NA
9,NOGP,5,5,-0.65,20100101125959,NA
9,NOGP,5,6,-1.15,20100101125959,NA
9,NOGP,5,7,-1.65,20100101125959,NA
9,NOGP,5,8,-1.95,20100101125959,NA
9,WOOD,1,1,-0.06,20100101125959,NA
9,WOOD,1,2,-0.16,20100101125959,NA
9,WOOD,1,3,-0.26,20100101125959,NA
9,WOOD,1,4,-0.46,20100101125959,NA
9,WOOD,1,5,-0.76,20100101125959,NA
9,WOOD,1,6,-1.16,20100101125959,NA
9,WOOD,1,7,-1.66,20100101125959,NA
9,WOOD,1,8,-1.96,20100101125959,NA
9,WOOD,2,1,-0.06,20100101125959,NA
9,WOOD,2,2,-0.16,20100101125959,NA
9,WOOD,2,3,-0.26,20100101125959,NA
9,WOOD,2,4,-0.46,20100101125959,NA
9,WOOD,2,5,-0.76,20100101125959,NA
9,WOOD,2,6,-1.16,20100101125959,NA
9,WOOD,2,7,-1.66,20100101125959,NA
9,WOOD,2,8,-1.96,20100101125959,NA
9,WOOD,3,1,-0.06,20100101125959,NA
9,WOOD,3,2,-0.16,20100101125959,NA
9,WOOD,3,3,-0.26,20100101125959,NA
9,WOOD,3,4,-0.46,20100101125959,NA
9,WOOD,3,5,-0.76,20100101125959,NA
9,WOOD,3,6,-1.16,20100101125959,NA
9,WOOD,3,7,-1.66,20100101125959,NA
9,WOOD,3,8,-1.96,20100101125959,NA
9,WOOD,4,1,-0.055,20100101125959,NA
9,WOOD,4,2,-0.155,20100101125959,NA
9,WOOD,4,3,-0.255,20100101125959,NA
9,WOOD,4,4,-0.455,20100101125959,NA
9,WOOD,4,5,-0.755,20100101125959,NA
9,WOOD,4,6,-1.155,20100101125959,NA
9,WOOD,4,7,-1.655,20100101125959,NA
9,WOOD,4,8,-1.955,20100101125959,NA
9,WOOD,5,1,-0.055,20100101125959,NA
9,WOOD,5,2,-0.155,20100101125959,NA
9,WOOD,5,3,-0.255,20100101125959,NA
9,WOOD,5,4,-0.455,20100101125959,NA
9,WOOD,5,5,-0.755,20100101125959,NA
9,WOOD,5,6,-1.155,20100101125959,NA
9,WOOD,5,7,-1.655,20100101125959,NA
9,WOOD,5,8,-1.955,20100101125959,NA
10,CPER,1,1,-0.06,20100101125959,NA
10,CPER,1,2,-0.16,20100101125959,NA
10,CPER,1,3,-0.26,20100101125959,NA
10,CPER,1,4,-0.46,20100101125959,NA
10,CPER,1,5,-0.66,20100101125959,NA
10,CPER,1,6,-1.06,20100101125959,NA
10,CPER,1,7,-1.56,20100101125959,NA
10,CPER,1,8,-1.96,20100101125959,NA
10,CPER,2,1,-0.07,20100101125959,NA
10,CPER,2,2,-0.17,20100101125959,NA
10,CPER,2,3,-0.27,20100101125959,NA
10,CPER,2,4,-0.47,20100101125959,NA
10,CPER,2,5,-0.67,20100101125959,NA
10,CPER,2,6,-1.07,20100101125959,NA
10,CPER,2,7,-1.57,20100101125959,NA
10,CPER,2,8,-1.97,20100101125959,NA
10,CPER,3,1,-0.06,20100101125959,NA
10,CPER,3,2,-0.16,20100101125959,NA
10,CPER,3,3,-0.26,20100101125959,NA
10,CPER,3,4,-0.46,20100101125959,NA
10,CPER,3,5,-0.66,20100101125959,NA
10,CPER,3,6,-1.06,20100101125959,NA
10,CPER,3,7,-1.56,20100101125959,NA
10,CPER,3,8,-1.96,20100101125959,NA
10,CPER,4,1,-0.06,20100101125959,NA
10,CPER,4,2,-0.16,20100101125959,NA
10,CPER,4,3,-0.26,20100101125959,NA
10,CPER,4,4,-0.46,20100101125959,NA
10,CPER,4,5,-0.66,20100101125959,NA
10,CPER,4,6,-1.06,20100101125959,NA
10,CPER,4,7,-1.56,20100101125959,NA
10,CPER,4,8,-1.96,20100101125959,NA
10,CPER,5,1,-0.07,20100101125959,NA
10,CPER,5,2,-0.17,20100101125959,NA
10,CPER,5,3,-0.27,20100101125959,NA
10,CPER,5,4,-0.47,20100101125959,NA
10,CPER,5,5,-0.67,20100101125959,NA
10,CPER,5,6,-1.07,20100101125959,NA
10,CPER,5,7,-1.57,20100101125959,NA
10,CPER,5,8,-1.97,20100101125959,NA
10,RMNP,1,1,-0.0625,20100101125959,NA
10,RMNP,1,2,-0.1625,20100101125959,NA
10,RMNP,1,3,-0.2625,20100101125959,NA
10,RMNP,1,4,-0.4625,20100101125959,NA
10,RMNP,1,5,NA,20100101125959,NA
10,RMNP,1,6,NA,20100101125959,NA
10,RMNP,1,7,NA,20100101125959,NA
10,RMNP,1,8,NA,20100101125959,NA
10,RMNP,2,1,-0.06,20100101125959,NA
10,RMNP,2,2,-0.16,20100101125959,NA
10,RMNP,2,3,-0.26,20100101125959,NA
10,RMNP,2,4,-0.36,20100101125959,NA
10,RMNP,2,5,-0.46,20100101125959,NA
10,RMNP,2,6,-0.56,20100101125959,NA
10,RMNP,2,7,-0.66,20100101125959,NA
10,RMNP,2,8,-0.86,20100101125959,NA
10,RMNP,3,1,-0.053,20100101125959,NA
10,RMNP,3,2,-0.153,20100101125959,NA
10,RMNP,3,3,-0.253,20100101125959,NA
10,RMNP,3,4,-0.453,20100101125959,NA
10,RMNP,3,5,-0.653,20100101125959,NA
10,RMNP,3,6,-0.853,20100101125959,NA
10,RMNP,3,7,-1.053,20100101125959,NA
10,RMNP,3,8,-1.353,20100101125959,NA
10,RMNP,4,1,-0.06,20100101125959,NA
10,RMNP,4,2,-0.16,20100101125959,NA
10,RMNP,4,3,-0.26,20100101125959,NA
10,RMNP,4,4,-0.36,20100101125959,NA
10,RMNP,4,5,-0.46,20100101125959,NA
10,RMNP,4,6,-0.66,20100101125959,NA
10,RMNP,4,7,NA,20100101125959,NA
10,RMNP,4,8,NA,20100101125959,NA
10,RMNP,5,1,-0.05,20100101125959,NA
10,RMNP,5,2,-0.15,20100101125959,NA
10,RMNP,5,3,-0.25,20100101125959,NA
10,RMNP,5,4,-0.45,20100101125959,NA
10,RMNP,5,5,-0.65,20100101125959,NA
10,RMNP,5,6,-0.85,20100101125959,NA
10,RMNP,5,7,-1.05,20100101125959,NA
10,RMNP,5,8,-1.35,20100101125959,NA
10,STER,1,1,-0.06,20100101125959,NA
10,STER,1,2,-0.16,20100101125959,NA
10,STER,1,3,-0.26,20100101125959,NA
10,STER,1,4,-0.46,20100101125959,NA
10,STER,1,5,-0.86,20100101125959,NA
10,STER,1,6,-1.06,20100101125959,NA
10,STER,1,7,-1.36,20100101125959,NA
10,STER,1,8,-1.96,20100101125959,NA
10,STER,2,1,-0.07,20100101125959,NA
10,STER,2,2,-0.17,20100101125959,NA
10,STER,2,3,-0.27,20100101125959,NA
10,STER,2,4,-0.47,20100101125959,NA
10,STER,2,5,-0.87,20100101125959,NA
10,STER,2,6,-1.07,20100101125959,NA
10,STER,2,7,-1.37,20100101125959,NA
10,STER,2,8,-1.97,20100101125959,NA
10,STER,3,1,-0.06,20100101125959,NA
10,STER,3,2,-0.16,20100101125959,NA
10,STER,3,3,-0.26,20100101125959,NA
10,STER,3,4,-0.46,20100101125959,NA
10,STER,3,5,-0.86,20100101125959,NA
10,STER,3,6,-1.06,20100101125959,NA
10,STER,3,7,-1.36,20100101125959,NA
10,STER,3,8,-1.96,20100101125959,NA
10,STER,4,1,-0.06,20100101125959,NA
10,STER,4,2,-0.16,20100101125959,NA
10,STER,4,3,-0.26,20100101125959,NA
10,STER,4,4,-0.46,20100101125959,NA
10,STER,4,5,-0.86,20100101125959,NA
10,STER,4,6,-1.06,20100101125959,NA
10,STER,4,7,-1.36,20100101125959,NA
10,STER,4,8,-1.96,20100101125959,NA
10,STER,5,1,-0.06,20100101125959,NA
10,STER,5,2,-0.16,20100101125959,NA
10,STER,5,3,-0.26,20100101125959,NA
10,STER,5,4,-0.46,20100101125959,NA
10,STER,5,5,-0.86,20100101125959,NA
10,STER,5,6,-1.06,20100101125959,NA
10,STER,5,7,-1.36,20100101125959,NA
10,STER,5,8,-1.96,20100101125959,NA
11,CLBJ,1,1,-0.06,20100101125959,NA
11,CLBJ,1,2,-0.16,20100101125959,NA
11,CLBJ,1,3,-0.26,20100101125959,NA
11,CLBJ,1,4,-0.56,20100101125959,NA
11,CLBJ,1,5,-0.76,20100101125959,NA
11,CLBJ,1,6,-1.06,20100101125959,NA
11,CLBJ,1,7,-1.36,20100101125959,NA
11,CLBJ,1,8,-1.96,20100101125959,NA
11,CLBJ,2,1,-0.06,20100101125959,NA
11,CLBJ,2,2,-0.16,20100101125959,NA
11,CLBJ,2,3,-0.26,20100101125959,NA
11,CLBJ,2,4,-0.56,20100101125959,NA
11,CLBJ,2,5,-0.76,20100101125959,NA
11,CLBJ,2,6,-1.06,20100101125959,NA
11,CLBJ,2,7,-1.36,20100101125959,NA
11,CLBJ,2,8,-1.96,20100101125959,NA
11,CLBJ,3,1,-0.06,20100101125959,NA
11,CLBJ,3,2,-0.16,20100101125959,NA
11,CLBJ,3,3,-0.26,20100101125959,NA
11,CLBJ,3,4,-0.56,20100101125959,NA
11,CLBJ,3,5,-0.76,20100101125959,NA
11,CLBJ,3,6,-1.06,20100101125959,NA
11,CLBJ,3,7,-1.36,20100101125959,NA
11,CLBJ,3,8,-1.96,20100101125959,NA
11,CLBJ,4,1,-0.06,20100101125959,NA
11,CLBJ,4,2,-0.16,20100101125959,NA
11,CLBJ,4,3,-0.26,20100101125959,NA
11,CLBJ,4,4,-0.56,20100101125959,NA
11,CLBJ,4,5,-0.76,20100101125959,NA
11,CLBJ,4,6,-1.06,20100101125959,NA
11,CLBJ,4,7,-1.36,20100101125959,NA
11,CLBJ,4,8,-1.96,20100101125959,NA
11,CLBJ,5,1,-0.06,20100101125959,NA
11,CLBJ,5,2,-0.16,20100101125959,NA
11,CLBJ,5,3,-0.26,20100101125959,NA
11,CLBJ,5,4,-0.56,20100101125959,NA
11,CLBJ,5,5,-0.76,20100101125959,NA
11,CLBJ,5,6,-1.06,20100101125959,NA
11,CLBJ,5,7,-1.36,20100101125959,NA
11,CLBJ,5,8,-1.96,20100101125959,NA
11,OAES,1,1,-0.06,20100101125959,NA
11,OAES,1,2,-0.16,20100101125959,NA
11,OAES,1,3,-0.26,20100101125959,NA
11,OAES,1,4,-0.36,20100101125959,NA
11,OAES,1,5,NA,20100101125959,NA
11,OAES,1,6,NA,20100101125959,NA
11,OAES,1,7,NA,20100101125959,NA
11,OAES,1,8,NA,20100101125959,NA
11,OAES,2,1,-0.06,20100101125959,NA
11,OAES,2,2,-0.16,20100101125959,NA
11,OAES,2,3,-0.26,20100101125959,NA
11,OAES,2,4,-0.36,20100101125959,NA
11,OAES,2,5,NA,20100101125959,NA
11,OAES,2,6,NA,20100101125959,NA
11,OAES,2,7,NA,20100101125959,NA
11,OAES,2,8,NA,20100101125959,NA
11,OAES,3,1,-0.07,20100101125959,NA
11,OAES,3,2,-0.17,20100101125959,NA
11,OAES,3,3,-0.27,20100101125959,NA
11,OAES,3,4,-0.37,20100101125959,NA
11,OAES,3,5,NA,20100101125959,NA
11,OAES,3,6,NA,20100101125959,NA
11,OAES,3,7,NA,20100101125959,NA
11,OAES,3,8,NA,20100101125959,NA
11,OAES,4,1,-0.06,20100101125959,NA
11,OAES,4,2,-0.16,20100101125959,NA
11,OAES,4,3,-0.26,20100101125959,NA
11,OAES,4,4,-0.36,20100101125959,NA
11,OAES,4,5,NA,20100101125959,NA
11,OAES,4,6,NA,20100101125959,NA
11,OAES,4,7,NA,20100101125959,NA
11,OAES,4,8,NA,20100101125959,NA
11,OAES,5,1,-0.07,20100101125959,NA
11,OAES,5,2,-0.17,20100101125959,NA
11,OAES,5,3,-0.27,20100101125959,NA
11,OAES,5,4,-0.37,20100101125959,NA
11,OAES,5,5,NA,20100101125959,NA
11,OAES,5,6,NA,20100101125959,NA
11,OAES,5,7,NA,20100101125959,NA
11,OAES,5,8,NA,20100101125959,NA
12,YELL,1,1,-0.06,20100101125959,NA
12,YELL,1,2,-0.16,20100101125959,NA
12,YELL,1,3,-0.26,20100101125959,NA
12,YELL,1,4,-0.36,20100101125959,NA
12,YELL,1,5,-0.46,20100101125959,NA
12,YELL,1,6,-0.56,20100101125959,NA
12,YELL,1,7,NA,20100101125959,NA
12,YELL,1,8,NA,20100101125959,NA
12,YELL,2,1,-0.06,20100101125959,NA
12,YELL,2,2,-0.16,20100101125959,NA
12,YELL,2,3,NA,20100101125959,NA
12,YELL,2,4,NA,20100101125959,NA
12,YELL,2,5,NA,20100101125959,NA
12,YELL,2,6,NA,20100101125959,NA
12,YELL,2,7,NA,20100101125959,NA
12,YELL,2,8,NA,20100101125959,NA
12,YELL,3,1,-0.06,20100101125959,NA
12,YELL,3,2,-0.16,20100101125959,NA
12,YELL,3,3,-0.26,20100101125959,NA
12,YELL,3,4,-0.36,20100101125959,NA
12,YELL,3,5,-0.56,20100101125959,NA
12,YELL,3,6,-0.66,20100101125959,NA
12,YELL,3,7,NA,20100101125959,NA
12,YELL,3,8,NA,20100101125959,NA
12,YELL,4,1,-0.06,20100101125959,NA
12,YELL,4,2,-0.16,20100101125959,NA
12,YELL,4,3,-0.26,20100101125959,NA
12,YELL,4,4,-0.36,20100101125959,NA
12,YELL,4,5,-0.56,20100101125959,NA
12,YELL,4,6,-0.86,20100101125959,NA
12,YELL,4,7,-1.26,20100101125959,NA
12,YELL,4,8,-1.76,20100101125959,NA
12,YELL,5,1,-0.06,20100101125959,NA
12,YELL,5,2,-0.16,20100101125959,NA
12,YELL,5,3,-0.26,20100101125959,NA
12,YELL,5,4,-0.46,20100101125959,NA
12,YELL,5,5,NA,20100101125959,NA
12,YELL,5,6,NA,20100101125959,NA
12,YELL,5,7,NA,20100101125959,NA
12,YELL,5,8,NA,20100101125959,NA
13,MOAB,1,1,-0.06,20100101125959,NA
13,MOAB,1,2,-0.16,20100101125959,NA
13,MOAB,1,3,-0.26,20100101125959,NA
13,MOAB,1,4,-0.36,20100101125959,NA
13,MOAB,1,5,-0.66,20100101125959,NA
13,MOAB,1,6,-0.96,20100101125959,NA
13,MOAB,1,7,-1.46,20100101125959,NA
13,MOAB,1,8,-1.96,20100101125959,NA
13,MOAB,2,1,-0.055,20100101125959,NA
13,MOAB,2,2,-0.155,20100101125959,NA
13,MOAB,2,3,-0.255,20100101125959,NA
13,MOAB,2,4,-0.355,20100101125959,NA
13,MOAB,2,5,-0.655,20100101125959,NA
13,MOAB,2,6,-0.955,20100101125959,NA
13,MOAB,2,7,-1.455,20100101125959,NA
13,MOAB,2,8,-1.955,20100101125959,NA
13,MOAB,3,1,-0.055,20100101125959,NA
13,MOAB,3,2,-0.155,20100101125959,NA
13,MOAB,3,3,-0.255,20100101125959,NA
13,MOAB,3,4,-0.355,20100101125959,NA
13,MOAB,3,5,-0.655,20100101125959,NA
13,MOAB,3,6,-0.955,20100101125959,NA
13,MOAB,3,7,-1.455,20100101125959,NA
13,MOAB,3,8,-1.955,20100101125959,NA
13,MOAB,4,1,-0.055,20100101125959,NA
13,MOAB,4,2,-0.155,20100101125959,NA
13,MOAB,4,3,-0.255,20100101125959,NA
13,MOAB,4,4,-0.355,20100101125959,NA
13,MOAB,4,5,-0.655,20100101125959,NA
13,MOAB,4,6,-0.955,20100101125959,NA
13,MOAB,4,7,-1.455,20100101125959,NA
13,MOAB,4,8,-1.955,20100101125959,NA
13,MOAB,5,1,-0.065,20100101125959,NA
13,MOAB,5,2,-0.165,20100101125959,NA
13,MOAB,5,3,-0.265,20100101125959,NA
13,MOAB,5,4,-0.365,20100101125959,NA
13,MOAB,5,5,-0.665,20100101125959,NA
13,MOAB,5,6,-0.965,20100101125959,NA
13,MOAB,5,7,-1.465,20100101125959,NA
13,MOAB,5,8,-1.965,20100101125959,NA
13,NIWO,1,1,-0.05,20100101125959,NA
13,NIWO,1,2,-0.15,20100101125959,NA
13,NIWO,1,3,-0.25,20100101125959,NA
13,NIWO,1,4,-0.35,20100101125959,NA
13,NIWO,1,5,-0.65,20100101125959,NA
13,NIWO,1,6,-0.95,20100101125959,NA
13,NIWO,1,7,-1.45,20100101125959,NA
13,NIWO,1,8,-1.75,20100101125959,NA
13,NIWO,2,1,-0.05,20100101125959,NA
13,NIWO,2,2,-0.15,20100101125959,NA
13,NIWO,2,3,-0.25,20100101125959,NA
13,NIWO,2,4,-0.35,20100101125959,NA
13,NIWO,2,5,-0.65,20100101125959,NA
13,NIWO,2,6,-0.95,20100101125959,NA
13,NIWO,2,7,-1.45,20100101125959,NA
13,NIWO,2,8,-1.95,20100101125959,NA
13,NIWO,3,1,-0.05,20100101125959,NA
13,NIWO,3,2,-0.15,20100101125959,NA
13,NIWO,3,3,-0.25,20100101125959,NA
13,NIWO,3,4,-0.35,20100101125959,NA
13,NIWO,3,5,-0.65,20100101125959,NA
13,NIWO,3,6,-0.95,20100101125959,NA
13,NIWO,3,7,-1.45,20100101125959,NA
13,NIWO,3,8,-1.95,20100101125959,NA
13,NIWO,4,1,-0.055,20100101125959,NA
13,NIWO,4,2,-0.155,20100101125959,NA
13,NIWO,4,3,-0.255,20100101125959,NA
13,NIWO,4,4,-0.355,20100101125959,NA
13,NIWO,4,5,-0.655,20100101125959,NA
13,NIWO,4,6,-0.955,20100101125959,NA
13,NIWO,4,7,-1.455,20100101125959,NA
13,NIWO,4,8,-1.955,20100101125959,NA
13,NIWO,5,1,-0.058,20100101125959,NA
13,NIWO,5,2,-0.158,20100101125959,NA
13,NIWO,5,3,-0.258,20100101125959,NA
13,NIWO,5,4,-0.358,20100101125959,NA
13,NIWO,5,5,-0.658,20100101125959,NA
13,NIWO,5,6,-0.958,20100101125959,NA
13,NIWO,5,7,-1.458,20100101125959,NA
13,NIWO,5,8,-1.958,20100101125959,NA
14,JORN,1,1,-0.06,20100101125959,NA
14,JORN,1,2,-0.16,20100101125959,NA
14,JORN,1,3,-0.26,20100101125959,NA
14,JORN,1,4,-0.56,20100101125959,NA
14,JORN,1,5,-0.96,20100101125959,NA
14,JORN,1,6,-1.26,20100101125959,NA
14,JORN,1,7,-1.56,20100101125959,NA
14,JORN,1,8,-1.96,20100101125959,NA
14,JORN,2,1,-0.061,20100101125959,NA
14,JORN,2,2,-0.161,20100101125959,NA
14,JORN,2,3,-0.261,20100101125959,NA
14,JORN,2,4,-0.561,20100101125959,NA
14,JORN,2,5,-0.961,20100101125959,NA
14,JORN,2,6,-1.261,20100101125959,NA
14,JORN,2,7,-1.561,20100101125959,NA
14,JORN,2,8,-1.961,20100101125959,NA
14,JORN,3,1,-0.06,20100101125959,NA
14,JORN,3,2,-0.16,20100101125959,NA
14,JORN,3,3,-0.26,20100101125959,NA
14,JORN,3,4,-0.56,20100101125959,NA
14,JORN,3,5,-0.96,20100101125959,NA
14,JORN,3,6,-1.26,20100101125959,NA
14,JORN,3,7,-1.56,20100101125959,NA
14,JORN,3,8,-1.96,20100101125959,NA
14,JORN,4,1,-0.058,20100101125959,NA
14,JORN,4,2,-0.158,20100101125959,NA
14,JORN,4,3,-0.258,20100101125959,NA
14,JORN,4,4,-0.558,20100101125959,NA
14,JORN,4,5,-0.958,20100101125959,NA
14,JORN,4,6,-1.258,20100101125959,NA
14,JORN,4,7,-1.558,20100101125959,NA
14,JORN,4,8,-1.958,20100101125959,NA
14,JORN,5,1,-0.06,20100101125959,NA
14,JORN,5,2,-0.16,20100101125959,NA
14,JORN,5,3,-0.26,20100101125959,NA
14,JORN,5,4,-0.56,20100101125959,NA
14,JORN,5,5,-0.96,20100101125959,NA
14,JORN,5,6,-1.26,20100101125959,NA
14,JORN,5,7,-1.56,20100101125959,NA
14,JORN,5,8,-1.96,20100101125959,NA
14,SRER,1,1,-0.06,20100101125959,NA
14,SRER,1,2,-0.16,20100101125959,NA
14,SRER,1,3,-0.26,20100101125959,NA
14,SRER,1,4,-0.56,20100101125959,NA
14,SRER,1,5,-0.96,20100101125959,NA
14,SRER,1,6,-1.16,20100101125959,NA
14,SRER,1,7,-1.56,20100101125959,NA
14,SRER,1,8,-1.96,20100101125959,NA
14,SRER,2,1,-0.062,20100101125959,NA
14,SRER,2,2,-0.162,20100101125959,NA
14,SRER,2,3,-0.262,20100101125959,NA
14,SRER,2,4,-0.562,20100101125959,NA
14,SRER,2,5,-0.962,20100101125959,NA
14,SRER,2,6,-1.162,20100101125959,NA
14,SRER,2,7,-1.562,20100101125959,NA
14,SRER,2,8,-1.962,20100101125959,NA
14,SRER,3,1,-0.06,20100101125959,NA
14,SRER,3,2,-0.16,20100101125959,NA
14,SRER,3,3,-0.26,20100101125959,NA
14,SRER,3,4,-0.56,20100101125959,NA
14,SRER,3,5,-0.96,20100101125959,NA
14,SRER,3,6,-1.16,20100101125959,NA
14,SRER,3,7,-1.56,20100101125959,NA
14,SRER,3,8,-1.96,20100101125959,NA
14,SRER,4,1,-0.058,20100101125959,NA
14,SRER,4,2,-0.158,20100101125959,NA
14,SRER,4,3,-0.258,20100101125959,NA
14,SRER,4,4,-0.558,20100101125959,NA
14,SRER,4,5,-0.958,20100101125959,NA
14,SRER,4,6,-1.158,20100101125959,NA
14,SRER,4,7,-1.558,20100101125959,NA
14,SRER,4,8,-1.958,20100101125959,NA
14,SRER,5,1,-0.062,20100101125959,NA
14,SRER,5,2,-0.162,20100101125959,NA
14,SRER,5,3,-0.262,20100101125959,NA
14,SRER,5,4,-0.562,20100101125959,NA
14,SRER,5,5,-0.962,20100101125959,NA
14,SRER,5,6,-1.162,20100101125959,NA
14,SRER,5,7,-1.562,20100101125959,NA
14,SRER,5,8,-1.962,20100101125959,NA
15,ONAQ,1,1,-0.055,20100101125959,NA
15,ONAQ,1,2,-0.155,20100101125959,NA
15,ONAQ,1,3,-0.255,20100101125959,NA
15,ONAQ,1,4,-0.455,20100101125959,NA
15,ONAQ,1,5,-1.055,20100101125959,NA
15,ONAQ,1,6,-1.655,20100101125959,NA
15,ONAQ,1,7,-1.855,20100101125959,NA
15,ONAQ,1,8,-1.955,20100101125959,NA
15,ONAQ,2,1,-0.06,20100101125959,NA
15,ONAQ,2,2,-0.16,20100101125959,NA
15,ONAQ,2,3,-0.26,20100101125959,NA
15,ONAQ,2,4,-0.46,20100101125959,NA
15,ONAQ,2,5,-1.06,20100101125959,NA
15,ONAQ,2,6,-1.66,20100101125959,NA
15,ONAQ,2,7,-1.86,20100101125959,NA
15,ONAQ,2,8,-1.96,20100101125959,NA
15,ONAQ,3,1,-0.06,20100101125959,NA
15,ONAQ,3,2,-0.16,20100101125959,NA
15,ONAQ,3,3,-0.26,20100101125959,NA
15,ONAQ,3,4,-0.46,20100101125959,NA
15,ONAQ,3,5,-1.06,20100101125959,NA
15,ONAQ,3,6,-1.66,20100101125959,NA
15,ONAQ,3,7,-1.86,20100101125959,NA
15,ONAQ,3,8,-1.96,20100101125959,NA
15,ONAQ,4,1,-0.06,20100101125959,NA
15,ONAQ,4,2,-0.16,20100101125959,NA
15,ONAQ,4,3,-0.26,20100101125959,NA
15,ONAQ,4,4,-0.46,20100101125959,NA
15,ONAQ,4,5,-1.06,20100101125959,NA
15,ONAQ,4,6,-1.66,20100101125959,NA
15,ONAQ,4,7,-1.86,20100101125959,NA
15,ONAQ,4,8,-1.96,20100101125959,NA
15,ONAQ,5,1,-0.06,20100101125959,NA
15,ONAQ,5,2,-0.16,20100101125959,NA
15,ONAQ,5,3,-0.26,20100101125959,NA
15,ONAQ,5,4,-0.46,20100101125959,NA
15,ONAQ,5,5,-0.66,20100101125959,NA
15,ONAQ,5,6,-0.86,20100101125959,NA
15,ONAQ,5,7,-1.06,20100101125959,NA
15,ONAQ,5,8,-1.36,20100101125959,NA
16,ABBY,1,1,-0.06,20100101125959,NA
16,ABBY,1,2,-0.16,20100101125959,NA
16,ABBY,1,3,-0.26,20100101125959,NA
16,ABBY,1,4,-0.36,20100101125959,NA
16,ABBY,1,5,-0.56,20100101125959,NA
16,ABBY,1,6,-0.86,20100101125959,NA
16,ABBY,1,7,-1.16,20100101125959,NA
16,ABBY,1,8,-1.96,20100101125959,NA
16,ABBY,2,1,-0.06,20100101125959,NA
16,ABBY,2,2,-0.16,20100101125959,NA
16,ABBY,2,3,-0.26,20100101125959,NA
16,ABBY,2,4,-0.36,20100101125959,NA
16,ABBY,2,5,-0.56,20100101125959,NA
16,ABBY,2,6,-0.86,20100101125959,NA
16,ABBY,2,7,-1.16,20100101125959,NA
16,ABBY,2,8,-1.96,20100101125959,NA
16,ABBY,3,1,-0.06,20100101125959,NA
16,ABBY,3,2,-0.16,20100101125959,NA
16,ABBY,3,3,-0.26,20100101125959,NA
16,ABBY,3,4,-0.36,20100101125959,NA
16,ABBY,3,5,-0.56,20100101125959,NA
16,ABBY,3,6,-0.86,20100101125959,NA
16,ABBY,3,7,-1.16,20100101125959,NA
16,ABBY,3,8,-1.96,20100101125959,NA
16,ABBY,4,1,-0.07,20100101125959,NA
16,ABBY,4,2,-0.17,20100101125959,NA
16,ABBY,4,3,-0.27,20100101125959,NA
16,ABBY,4,4,-0.37,20100101125959,NA
16,ABBY,4,5,-0.57,20100101125959,NA
16,ABBY,4,6,-0.87,20100101125959,NA
16,ABBY,4,7,-1.17,20100101125959,NA
16,ABBY,4,8,-1.97,20100101125959,NA
16,ABBY,5,1,-0.06,20100101125959,NA
16,ABBY,5,2,-0.16,20100101125959,NA
16,ABBY,5,3,-0.26,20100101125959,NA
16,ABBY,5,4,-0.36,20100101125959,NA
16,ABBY,5,5,-0.56,20100101125959,NA
16,ABBY,5,6,-0.86,20100101125959,NA
16,ABBY,5,7,-1.16,20100101125959,NA
16,ABBY,5,8,-1.96,20100101125959,NA
16,WREF,1,1,-0.06,20100101125959,NA
16,WREF,1,2,-0.16,20100101125959,NA
16,WREF,1,3,-0.26,20100101125959,NA
16,WREF,1,4,-0.56,20100101125959,NA
16,WREF,1,5,-0.86,20100101125959,NA
16,WREF,1,6,-1.16,20100101125959,NA
16,WREF,1,7,-1.66,20100101125959,NA
16,WREF,1,8,-1.96,20100101125959,NA
16,WREF,2,1,-0.065,20100101125959,NA
16,WREF,2,2,-0.165,20100101125959,NA
16,WREF,2,3,-0.265,20100101125959,NA
16,WREF,2,4,-0.565,20100101125959,NA
16,WREF,2,5,-0.865,20100101125959,NA
16,WREF,2,6,-1.165,20100101125959,NA
16,WREF,2,7,-1.665,20100101125959,NA
16,WREF,2,8,-1.965,20100101125959,NA
16,WREF,3,1,-0.055,20100101125959,NA
16,WREF,3,2,-0.155,20100101125959,NA
16,WREF,3,3,-0.255,20100101125959,NA
16,WREF,3,4,-0.555,20100101125959,NA
16,WREF,3,5,-0.855,20100101125959,NA
16,WREF,3,6,-1.155,20100101125959,NA
16,WREF,3,7,-1.655,20100101125959,NA
16,WREF,3,8,-1.955,20100101125959,NA
16,WREF,4,1,-0.0575,20100101125959,NA
16,WREF,4,2,-0.1575,20100101125959,NA
16,WREF,4,3,-0.2575,20100101125959,NA
16,WREF,4,4,-0.5575,20100101125959,NA
16,WREF,4,5,-0.8575,20100101125959,NA
16,WREF,4,6,-1.1575,20100101125959,NA
16,WREF,4,7,-1.6575,20100101125959,NA
16,WREF,4,8,-1.9575,20100101125959,NA
16,WREF,5,1,-0.0575,20100101125959,NA
16,WREF,5,2,-0.1575,20100101125959,NA
16,WREF,5,3,-0.2575,20100101125959,NA
16,WREF,5,4,-0.5575,20100101125959,NA
16,WREF,5,5,-0.8575,20100101125959,NA
16,WREF,5,6,-1.1575,20100101125959,NA
16,WREF,5,7,-1.6575,20100101125959,NA
16,WREF,5,8,-1.9575,20100101125959,NA
17,SJER,1,1,-0.06,20100101125959,NA
17,SJER,1,2,NA,20100101125959,NA
17,SJER,1,3,NA,20100101125959,NA
17,SJER,1,4,NA,20100101125959,NA
17,SJER,1,5,NA,20100101125959,NA
17,SJER,1,6,NA,20100101125959,NA
17,SJER,1,7,NA,20100101125959,NA
17,SJER,1,8,NA,20100101125959,NA
17,SJER,2,1,-0.065,20100101125959,NA
17,SJER,2,2,-0.165,20100101125959,NA
17,SJER,2,3,-0.265,20100101125959,NA
17,SJER,2,4,-0.465,20100101125959,NA
17,SJER,2,5,-0.665,20100101125959,NA
17,SJER,2,6,-0.965,20100101125959,NA
17,SJER,2,7,-1.165,20100101125959,NA
17,SJER,2,8,-1.665,20100101125959,NA
17,SJER,3,1,-0.0625,20100101125959,NA
17,SJER,3,2,-0.1625,20100101125959,NA
17,SJER,3,3,-0.2625,20100101125959,NA
17,SJER,3,4,-0.4625,20100101125959,NA
17,SJER,3,5,-0.6625,20100101125959,NA
17,SJER,3,6,-0.9625,20100101125959,NA
17,SJER,3,7,-1.1625,20100101125959,NA
17,SJER,3,8,-1.6625,20100101125959,NA
17,SJER,4,1,-0.06,20100101125959,NA
17,SJER,4,2,-0.16,20100101125959,NA
17,SJER,4,3,-0.26,20100101125959,NA
17,SJER,4,4,-0.46,20100101125959,NA
17,SJER,4,5,-0.66,20100101125959,NA
17,SJER,4,6,-0.96,20100101125959,NA
17,SJER,4,7,-1.16,20100101125959,NA
17,SJER,4,8,-1.66,20100101125959,NA
17,SJER,5,1,-0.0625,20100101125959,NA
17,SJER,5,2,-0.1625,20100101125959,NA
17,SJER,5,3,-0.2625,20100101125959,NA
17,SJER,5,4,-0.4625,20100101125959,NA
17,SJER,5,5,-0.6625,20100101125959,NA
17,SJER,5,6,-0.9625,20100101125959,NA
17,SJER,5,7,-1.1625,20100101125959,NA
17,SJER,5,8,-1.6625,20100101125959,NA
17,SOAP,1,1,-0.06,20100101125959,NA
17,SOAP,1,2,-0.16,20100101125959,NA
17,SOAP,1,3,-0.26,20100101125959,NA
17,SOAP,1,4,-0.46,20100101125959,NA
17,SOAP,1,5,-0.76,20100101125959,NA
17,SOAP,1,6,-1.16,20100101125959,NA
17,SOAP,1,7,-1.56,20100101125959,NA
17,SOAP,1,8,-1.96,20100101125959,NA
17,SOAP,2,1,-0.06,20100101125959,NA
17,SOAP,2,2,-0.16,20100101125959,NA
17,SOAP,2,3,-0.26,20100101125959,NA
17,SOAP,2,4,-0.46,20100101125959,NA
17,SOAP,2,5,-0.76,20100101125959,NA
17,SOAP,2,6,-1.16,20100101125959,NA
17,SOAP,2,7,-1.56,20100101125959,NA
17,SOAP,2,8,-1.96,20100101125959,NA
17,SOAP,3,1,-0.06,20100101125959,NA
17,SOAP,3,2,-0.16,20100101125959,NA
17,SOAP,3,3,-0.26,20100101125959,NA
17,SOAP,3,4,-0.46,20100101125959,NA
17,SOAP,3,5,-0.76,20100101125959,NA
17,SOAP,3,6,-1.16,20100101125959,NA
17,SOAP,3,7,-1.56,20100101125959,NA
17,SOAP,3,8,-1.96,20100101125959,NA
17,SOAP,4,1,-0.06,20100101125959,NA
17,SOAP,4,2,-0.16,20100101125959,NA
17,SOAP,4,3,-0.26,20100101125959,NA
17,SOAP,4,4,-0.46,20100101125959,NA
17,SOAP,4,5,-0.76,20100101125959,NA
17,SOAP,4,6,-1.16,20100101125959,NA
17,SOAP,4,7,-1.56,20100101125959,NA
17,SOAP,4,8,-1.96,20100101125959,NA
17,SOAP,5,1,-0.06,20100101125959,NA
17,SOAP,5,2,-0.16,20100101125959,NA
17,SOAP,5,3,-0.26,20100101125959,NA
17,SOAP,5,4,-0.46,20100101125959,NA
17,SOAP,5,5,-0.76,20100101125959,NA
17,SOAP,5,6,-1.16,20100101125959,NA
17,SOAP,5,7,-1.56,20100101125959,NA
17,SOAP,5,8,-1.96,20100101125959,NA
17,TEAK,1,1,-0.06,20100101125959,NA
17,TEAK,1,2,-0.16,20100101125959,NA
17,TEAK,1,3,-0.26,20100101125959,NA
17,TEAK,1,4,-0.36,20100101125959,NA
17,TEAK,1,5,-0.46,20100101125959,NA
17,TEAK,1,6,-0.66,20100101125959,NA
17,TEAK,1,7,NA,20100101125959,NA
17,TEAK,1,8,NA,20100101125959,NA
17,TEAK,2,1,-0.0625,20100101125959,NA
17,TEAK,2,2,-0.1625,20100101125959,NA
17,TEAK,2,3,-0.2625,20100101125959,NA
17,TEAK,2,4,-0.3625,20100101125959,NA
17,TEAK,2,5,-0.4625,20100101125959,NA
17,TEAK,2,6,-0.5625,20100101125959,NA
17,TEAK,2,7,-0.7625,20100101125959,NA
17,TEAK,2,8,-0.8625,20100101125959,NA
17,TEAK,3,1,-0.055,20100101125959,NA
17,TEAK,3,2,-0.155,20100101125959,NA
17,TEAK,3,3,-0.255,20100101125959,NA
17,TEAK,3,4,-0.355,20100101125959,NA
17,TEAK,3,5,-0.455,20100101125959,NA
17,TEAK,3,6,-0.555,20100101125959,NA
17,TEAK,3,7,NA,20100101125959,NA
17,TEAK,3,8,NA,20100101125959,NA
17,TEAK,4,1,-0.065,20100101125959,NA
17,TEAK,4,2,-0.165,20100101125959,NA
17,TEAK,4,3,-0.265,20100101125959,NA
17,TEAK,4,4,-0.365,20100101125959,NA
17,TEAK,4,5,-0.565,20100101125959,NA
17,TEAK,4,6,-0.765,20100101125959,NA
17,TEAK,4,7,-0.965,20100101125959,NA
17,TEAK,4,8,-1.165,20100101125959,NA
17,TEAK,5,1,-0.605,20100101125959,NA
17,TEAK,5,2,-0.165,20100101125959,NA
17,TEAK,5,3,NA,20100101125959,NA
17,TEAK,5,4,NA,20100101125959,NA
17,TEAK,5,5,NA,20100101125959,NA
17,TEAK,5,6,NA,20100101125959,NA
17,TEAK,5,7,NA,20100101125959,NA
17,TEAK,5,8,NA,20100101125959,NA
18,BARR,1,1,-0.055,20100101125959,NA
18,BARR,1,2,-0.155,20100101125959,NA
18,BARR,1,3,-0.255,20100101125959,NA
18,BARR,1,4,-0.355,20100101125959,NA
18,BARR,1,5,-0.555,20100101125959,NA
18,BARR,1,6,-0.855,20100101125959,NA
18,BARR,1,7,-1.355,20100101125959,NA
18,BARR,1,8,-1.655,20100101125959,NA
18,BARR,2,1,-0.055,20100101125959,NA
18,BARR,2,2,-0.155,20100101125959,NA
18,BARR,2,3,-0.255,20100101125959,NA
18,BARR,2,4,-0.355,20100101125959,NA
18,BARR,2,5,-0.555,20100101125959,NA
18,BARR,2,6,-0.855,20100101125959,NA
18,BARR,2,7,-1.355,20100101125959,NA
18,BARR,2,8,-2.655,20100101125959,NA
18,BARR,3,1,-0.055,20100101125959,NA
18,BARR,3,2,-0.155,20100101125959,NA
18,BARR,3,3,-0.255,20100101125959,NA
18,BARR,3,4,-0.355,20100101125959,NA
18,BARR,3,5,-0.555,20100101125959,NA
18,BARR,3,6,-0.855,20100101125959,NA
18,BARR,3,7,-1.355,20100101125959,NA
18,BARR,3,8,-1.655,20100101125959,NA
18,BARR,4,1,-0.065,20100101125959,NA
18,BARR,4,2,-0.165,20100101125959,NA
18,BARR,4,3,-0.265,20100101125959,NA
18,BARR,4,4,-0.365,20100101125959,NA
18,BARR,4,5,-0.565,20100101125959,NA
18,BARR,4,6,-0.865,20100101125959,NA
18,BARR,4,7,-1.365,20100101125959,NA
18,BARR,4,8,-1.665,20100101125959,NA
18,BARR,5,1,-0.055,20100101125959,NA
18,BARR,5,2,-0.155,20100101125959,NA
18,BARR,5,3,-0.255,20100101125959,NA
18,BARR,5,4,-0.355,20100101125959,NA
18,BARR,5,5,-0.555,20100101125959,NA
18,BARR,5,6,-0.855,20100101125959,NA
18,BARR,5,7,-1.355,20100101125959,NA
18,BARR,5,8,-1.755,20100101125959,NA
18,TOOL,1,1,-0.05,20100101125959,NA
18,TOOL,1,2,-0.15,20100101125959,NA
18,TOOL,1,3,-0.25,20100101125959,NA
18,TOOL,1,4,-0.35,20100101125959,NA
18,TOOL,1,5,NA,20100101125959,NA
18,TOOL,1,6,NA,20100101125959,NA
18,TOOL,1,7,NA,20100101125959,NA
18,TOOL,1,8,NA,20100101125959,NA
18,TOOL,2,1,-0.06,20100101125959,NA
18,TOOL,2,2,-0.16,20100101125959,NA
18,TOOL,2,3,-0.26,20100101125959,NA
18,TOOL,2,4,-0.46,20100101125959,NA
18,TOOL,2,5,NA,20100101125959,NA
18,TOOL,2,6,NA,20100101125959,NA
18,TOOL,2,7,NA,20100101125959,NA
18,TOOL,2,8,NA,20100101125959,NA
18,TOOL,3,1,-0.062,20100101125959,NA
18,TOOL,3,2,-0.162,20100101125959,NA
18,TOOL,3,3,-0.262,20100101125959,NA
18,TOOL,3,4,-0.362,20100101125959,NA
18,TOOL,3,5,-0.462,20100101125959,NA
18,TOOL,3,6,-0.662,20100101125959,NA
18,TOOL,3,7,NA,20100101125959,NA
18,TOOL,3,8,NA,20100101125959,NA
18,TOOL,4,1,-0.057,20100101125959,NA
18,TOOL,4,2,-0.157,20100101125959,NA
18,TOOL,4,3,-0.257,20100101125959,NA
18,TOOL,4,4,-0.357,20100101125959,NA
18,TOOL,4,5,-0.457,20100101125959,NA
18,TOOL,4,6,-0.657,20100101125959,NA
18,TOOL,4,7,NA,20100101125959,NA
18,TOOL,4,8,NA,20100101125959,NA
18,TOOL,5,1,-0.06,20100101125959,NA
18,TOOL,5,2,NA,20100101125959,NA
18,TOOL,5,3,NA,20100101125959,NA
18,TOOL,5,4,NA,20100101125959,NA
18,TOOL,5,5,NA,20100101125959,NA
18,TOOL,5,6,NA,20100101125959,NA
18,TOOL,5,7,NA,20100101125959,NA
18,TOOL,5,8,NA,20100101125959,NA
19,BONA,1,1,-0.05,20100101125959,NA
19,BONA,1,2,-0.15,20100101125959,NA
19,BONA,1,3,-0.25,20100101125959,NA
19,BONA,1,4,-0.45,20100101125959,NA
19,BONA,1,5,-0.75,20100101125959,NA
19,BONA,1,6,-1.05,20100101125959,NA
19,BONA,1,7,-1.55,20100101125959,NA
19,BONA,1,8,-1.95,20100101125959,NA
19,BONA,2,1,-0.06,20100101125959,NA
19,BONA,2,2,-0.16,20100101125959,NA
19,BONA,2,3,-0.26,20100101125959,NA
19,BONA,2,4,-0.46,20100101125959,NA
19,BONA,2,5,-0.76,20100101125959,NA
19,BONA,2,6,-1.06,20100101125959,NA
19,BONA,2,7,-1.56,20100101125959,NA
19,BONA,2,8,-1.76,20100101125959,NA
19,BONA,3,1,-0.06,20100101125959,NA
19,BONA,3,2,-0.16,20100101125959,NA
19,BONA,3,3,-0.26,20100101125959,NA
19,BONA,3,4,-0.46,20100101125959,NA
19,BONA,3,5,-0.76,20100101125959,NA
19,BONA,3,6,-1.06,20100101125959,NA
19,BONA,3,7,-1.56,20100101125959,NA
19,BONA,3,8,-1.86,20100101125959,NA
19,BONA,4,1,-0.06,20100101125959,NA
19,BONA,4,2,-0.16,20100101125959,NA
19,BONA,4,3,-0.26,20100101125959,NA
19,BONA,4,4,-0.46,20100101125959,NA
19,BONA,4,5,-0.76,20100101125959,NA
19,BONA,4,6,-1.06,20100101125959,NA
19,BONA,4,7,-1.56,20100101125959,NA
19,BONA,4,8,-1.86,20100101125959,NA
19,BONA,5,1,-0.06,20100101125959,NA
19,BONA,5,2,-0.16,20100101125959,NA
19,BONA,5,3,-0.26,20100101125959,NA
19,BONA,5,4,-0.46,20100101125959,NA
19,BONA,5,5,-0.76,20100101125959,NA
19,BONA,5,6,-1.06,20100101125959,NA
19,BONA,5,7,-1.56,20100101125959,NA
19,BONA,5,8,-1.96,20100101125959,NA
19,DEJU,1,1,-0.06,20100101125959,NA
19,DEJU,1,2,-0.16,20100101125959,NA
19,DEJU,1,3,-0.26,20100101125959,NA
19,DEJU,1,4,-0.36,20100101125959,NA
19,DEJU,1,5,-0.46,20100101125959,NA
19,DEJU,1,6,-0.56,20100101125959,NA
19,DEJU,1,7,-0.66,20100101125959,NA
19,DEJU,1,8,-0.86,20100101125959,NA
19,DEJU,2,1,-0.06,20100101125959,NA
19,DEJU,2,2,-0.16,20100101125959,NA
19,DEJU,2,3,-0.26,20100101125959,NA
19,DEJU,2,4,-0.36,20100101125959,NA
19,DEJU,2,5,-0.46,20100101125959,NA
19,DEJU,2,6,-0.56,20100101125959,NA
19,DEJU,2,7,-0.66,20100101125959,NA
19,DEJU,2,8,-0.86,20100101125959,NA
19,DEJU,3,1,-0.055,20100101125959,NA
19,DEJU,3,2,-0.155,20100101125959,NA
19,DEJU,3,3,-0.255,20100101125959,NA
19,DEJU,3,4,-0.355,20100101125959,NA
19,DEJU,3,5,-0.455,20100101125959,NA
19,DEJU,3,6,-0.655,20100101125959,NA
19,DEJU,3,7,NA,20100101125959,NA
19,DEJU,3,8,NA,20100101125959,NA
19,DEJU,4,1,-0.05,20100101125959,NA
19,DEJU,4,2,-0.15,20100101125959,NA
19,DEJU,4,3,-0.25,20100101125959,NA
19,DEJU,4,4,-0.35,20100101125959,NA
19,DEJU,4,5,-0.45,20100101125959,NA
19,DEJU,4,6,-0.55,20100101125959,NA
19,DEJU,4,7,NA,20100101125959,NA
19,DEJU,4,8,NA,20100101125959,NA
19,DEJU,5,1,-0.055,20100101125959,NA
19,DEJU,5,2,-0.155,20100101125959,NA
19,DEJU,5,3,-0.255,20100101125959,NA
19,DEJU,5,4,-0.355,20100101125959,NA
19,DEJU,5,5,NA,20100101125959,NA
19,DEJU,5,6,NA,20100101125959,NA
19,DEJU,5,7,NA,20100101125959,NA
19,DEJU,5,8,NA,20100101125959,NA
19,HEAL,1,1,-0.06,20100101125959,NA
19,HEAL,1,2,-0.16,20100101125959,NA
19,HEAL,1,3,-0.26,20100101125959,NA
19,HEAL,1,4,-0.36,20100101125959,NA
19,HEAL,1,5,-0.46,20100101125959,NA
19,HEAL,1,6,-0.66,20100101125959,NA
19,HEAL,1,7,-0.96,20100101125959,NA
19,HEAL,1,8,-1.56,20100101125959,NA
19,HEAL,2,1,-0.06,20100101125959,NA
19,HEAL,2,2,-0.16,20100101125959,NA
19,HEAL,2,3,-0.26,20100101125959,NA
19,HEAL,2,4,-0.36,20100101125959,NA
19,HEAL,2,5,-0.46,20100101125959,NA
19,HEAL,2,6,-0.66,20100101125959,NA
19,HEAL,2,7,-0.96,20100101125959,NA
19,HEAL,2,8,-1.26,20100101125959,NA
19,HEAL,3,1,-0.05,20100101125959,NA
19,HEAL,3,2,-0.15,20100101125959,NA
19,HEAL,3,3,-0.25,20100101125959,NA
19,HEAL,3,4,-0.35,20100101125959,NA
19,HEAL,3,5,-0.45,20100101125959,NA
19,HEAL,3,6,-0.65,20100101125959,NA
19,HEAL,3,7,-0.95,20100101125959,NA
19,HEAL,3,8,-1.65,20100101125959,NA
19,HEAL,4,1,-0.07,20100101125959,NA
19,HEAL,4,2,-0.17,20100101125959,NA
19,HEAL,4,3,-0.27,20100101125959,NA
19,HEAL,4,4,-0.37,20100101125959,NA
19,HEAL,4,5,-0.47,20100101125959,NA
19,HEAL,4,6,-0.67,20100101125959,NA
19,HEAL,4,7,-0.97,20100101125959,NA
19,HEAL,4,8,-1.57,20100101125959,NA
19,HEAL,5,1,-0.06,20100101125959,NA
19,HEAL,5,2,-0.16,20100101125959,NA
19,HEAL,5,3,-0.26,20100101125959,NA
19,HEAL,5,4,-0.36,20100101125959,NA
19,HEAL,5,5,-0.46,20100101125959,NA
19,HEAL,5,6,-0.66,20100101125959,NA
19,HEAL,5,7,-0.96,20100101125959,NA
19,HEAL,5,8,-1.56,20100101125959,NA
20,PUUM,1,1,NA,20100101125959,NA
20,PUUM,1,2,NA,20100101125959,NA
20,PUUM,1,3,NA,20100101125959,NA
20,PUUM,1,4,NA,20100101125959,NA
20,PUUM,1,5,NA,20100101125959,NA
20,PUUM,1,6,NA,20100101125959,NA
20,PUUM,1,7,NA,20100101125959,NA
20,PUUM,1,8,NA,20100101125959,NA
20,PUUM,2,1,NA,20100101125959,NA
20,PUUM,2,2,NA,20100101125959,NA
20,PUUM,2,3,NA,20100101125959,NA
20,PUUM,2,4,NA,20100101125959,NA
20,PUUM,2,5,NA,20100101125959,NA
20,PUUM,2,6,NA,20100101125959,NA
20,PUUM,2,7,NA,20100101125959,NA
20,PUUM,2,8,NA,20100101125959,NA
20,PUUM,3,1,NA,20100101125959,NA
20,PUUM,3,2,NA,20100101125959,NA
20,PUUM,3,3,NA,20100101125959,NA
20,PUUM,3,4,NA,20100101125959,NA
20,PUUM,3,5,NA,20100101125959,NA
20,PUUM,3,6,NA,20100101125959,NA
20,PUUM,3,7,NA,20100101125959,NA
20,PUUM,3,8,NA,20100101125959,NA
20,PUUM,4,1,NA,20100101125959,NA
20,PUUM,4,2,NA,20100101125959,NA
20,PUUM,4,3,NA,20100101125959,NA
20,PUUM,4,4,NA,20100101125959,NA
20,PUUM,4,5,NA,20100101125959,NA
20,PUUM,4,6,NA,20100101125959,NA
20,PUUM,4,7,NA,20100101125959,NA
20,PUUM,4,8,NA,20100101125959,NA
20,PUUM,5,1,NA,20100101125959,NA
20,PUUM,5,2,NA,20100101125959,NA
20,PUUM,5,3,NA,20100101125959,NA
20,PUUM,5,4,NA,20100101125959,NA
20,PUUM,5,5,NA,20100101125959,NA
20,PUUM,5,6,NA,20100101125959,NA
20,PUUM,5,7,NA,20100101125959,NA
20,PUUM,5,8,NA,20100101125959,NA
